Date,Total_Water,Storage,Percentage_Fulll
31/12/1991,"2,188,900","2,390,400",91.6
5/01/1992,"2,190,350","2,390,400",91.6
10/01/1992,"2,191,800","2,390,400",91.7
15/01/1992,"2,196,000","2,390,400",91.9
20/01/1992,"2,200,200","2,390,400",92
25/01/1992,"2,201,250","2,390,400",92.1
31/01/1992,"2,202,300","2,390,400",92.1
5/02/1992,"2,275,200","2,390,400",95.2
10/02/1992,"2,348,100","2,390,400",98.2
15/02/1992,"2,364,750","2,390,400",98.9
20/02/1992,"2,344,000","2,390,400",98.1
25/02/1992,"2,307,550","2,390,400",96.5
29/02/1992,"2,271,100","2,390,400",95
5/03/1992,"2,274,250","2,390,400",95.1
10/03/1992,"2,277,400","2,390,400",95.3
15/03/1992,"2,268,200","2,390,400",94.9
20/03/1992,"2,259,000","2,390,400",94.5
25/03/1992,"2,259,450","2,390,400",94.5
31/03/1992,"2,259,900","2,390,400",94.5
5/04/1992,"2,257,750","2,390,400",94.5
10/04/1992,"2,255,600","2,390,400",94.4
15/04/1992,"2,249,900","2,390,400",94.1
20/04/1992,"2,244,200","2,390,400",93.9
25/04/1992,"2,244,300","2,390,400",93.9
30/04/1992,"2,244,400","2,390,400",93.9
5/05/1992,"2,237,950","2,390,400",93.6
10/05/1992,"2,231,500","2,390,400",93.4
15/05/1992,"2,225,900","2,390,400",93.1
20/05/1992,"2,220,300","2,390,400",92.9
25/05/1992,"2,216,850","2,390,400",92.7
31/05/1992,"2,213,400","2,390,400",92.6
5/06/1992,"2,207,100","2,390,400",92.3
10/06/1992,"2,200,800","2,390,400",92.1
15/06/1992,"2,192,650","2,390,400",91.7
20/06/1992,"2,184,500","2,390,400",91.4
25/06/1992,"2,191,400","2,390,400",91.7
30/06/1992,"2,198,300","2,390,400",92
5/07/1992,"2,196,900","2,390,400",91.9
10/07/1992,"2,191,500","2,390,400",91.7
15/07/1992,"2,183,200","2,390,400",91.3
20/07/1992,"2,181,000","2,390,400",91.2
25/07/1992,"2,175,900","2,390,400",91
31/07/1992,"2,168,000","2,382,200",91
5/08/1992,"2,159,200","2,382,200",90.6
10/08/1992,"2,153,500","2,382,200",90.4
15/08/1992,"2,153,100","2,382,200",90.4
20/08/1992,"2,144,500","2,382,200",90
25/08/1992,"2,138,000","2,382,200",89.7
31/08/1992,"2,129,500","2,382,200",89.4
5/09/1992,"2,126,000","2,382,200",89.2
10/09/1992,"2,122,600","2,382,200",89.1
15/09/1992,"2,118,100","2,382,200",88.9
20/09/1992,"2,113,000","2,382,200",88.7
25/09/1992,"2,107,400","2,382,200",88.5
30/09/1992,"2,103,600","2,382,200",88.3
5/10/1992,"2,096,300","2,382,200",88
10/10/1992,"2,091,200","2,382,200",87.8
15/10/1992,"2,084,300","2,382,200",87.5
20/10/1992,"2,080,400","2,382,200",87.3
25/10/1992,"2,079,500","2,382,200",87.3
31/10/1992,"2,072,600","2,382,200",87
5/11/1992,"2,075,100","2,382,200",87.1
10/11/1992,"2,075,300","2,382,200",87.1
15/11/1992,"2,068,600","2,382,200",86.8
20/11/1992,"2,064,600","2,382,200",86.7
25/11/1992,"2,063,200","2,382,200",86.6
30/11/1992,"2,053,300","2,382,200",86.2
5/12/1992,"2,054,500","2,382,200",86.2
10/12/1992,"2,088,200","2,382,200",87.7
15/12/1992,"2,091,100","2,382,200",87.8
20/12/1992,"2,106,100","2,382,200",88.4
25/12/1992,"2,139,000","2,382,200",89.8
31/12/1992,"2,160,200","2,382,200",90.7
5/01/1993,"2,160,000","2,382,200",90.7
10/01/1993,"2,162,600","2,382,200",90.8
15/01/1993,"2,155,700","2,382,200",90.5
20/01/1993,"2,147,600","2,382,200",90.2
25/01/1993,"2,146,200","2,382,200",90.1
31/01/1993,"2,140,100","2,382,200",89.8
5/02/1993,"2,128,500","2,382,200",89.4
10/02/1993,"2,118,900","2,382,200",88.9
15/02/1993,"2,118,300","2,382,200",88.9
20/02/1993,"2,122,700","2,382,200",89.1
25/02/1993,"2,113,400","2,382,200",88.7
28/02/1993,"2,109,300","2,382,200",88.5
5/03/1993,"2,097,500","2,382,200",88
10/03/1993,"2,096,900","2,382,200",88
15/03/1993,"2,094,900","2,382,200",87.9
20/03/1993,"2,095,500","2,382,200",88
25/03/1993,"2,093,400","2,382,200",87.9
31/03/1993,"2,095,700","2,382,200",88
5/04/1993,"2,091,000","2,382,200",87.8
10/04/1993,"2,083,100","2,382,200",87.4
15/04/1993,"2,074,800","2,382,200",87.1
20/04/1993,"2,070,200","2,382,200",86.9
25/04/1993,"2,061,800","2,382,200",86.6
30/04/1993,"2,054,200","2,382,200",86.2
5/05/1993,"2,047,100","2,382,200",85.9
10/05/1993,"2,037,800","2,382,200",85.5
15/05/1993,"2,030,300","2,382,200",85.2
20/05/1993,"2,022,600","2,382,200",84.9
25/05/1993,"2,014,300","2,382,200",84.6
31/05/1993,"2,004,500","2,382,200",84.1
5/06/1993,"1,999,400","2,382,200",83.9
10/06/1993,"1,993,100","2,382,200",83.7
15/06/1993,"1,985,800","2,382,200",83.4
20/06/1993,"1,977,000","2,382,200",83
25/06/1993,"1,970,500","2,382,200",82.7
30/06/1993,"1,961,800","2,382,200",82.4
5/07/1993,"1,955,700","2,382,200",82.1
10/07/1993,"1,957,900","2,382,200",82.2
15/07/1993,"1,955,400","2,382,200",82.1
20/07/1993,"1,952,700","2,382,200",82
25/07/1993,"1,944,600","2,382,200",81.6
31/07/1993,"1,942,700","2,382,200",81.6
5/08/1993,"1,940,600","2,382,200",81.5
10/08/1993,"1,938,400","2,382,200",81.4
15/08/1993,"1,931,600","2,382,200",81.1
20/08/1993,"1,925,400","2,382,200",80.8
25/08/1993,"1,918,600","2,382,200",80.5
31/08/1993,"1,911,900","2,382,200",80.3
5/09/1993,"1,909,700","2,382,200",80.2
10/09/1993,"1,903,600","2,382,200",79.9
15/09/1993,"1,937,300","2,382,200",81.3
20/09/1993,"1,952,500","2,382,200",82
25/09/1993,"1,946,300","2,382,200",81.7
30/09/1993,"1,939,200","2,382,200",81.4
5/10/1993,"1,938,000","2,382,200",81.4
10/10/1993,"1,933,300","2,382,200",81.2
15/10/1993,"1,929,500","2,382,200",81
20/10/1993,"1,924,300","2,382,200",80.8
25/10/1993,"1,919,900","2,382,200",80.6
31/10/1993,"1,911,300","2,382,200",80.2
5/11/1993,"1,904,400","2,382,200",79.9
10/11/1993,"1,896,600","2,382,200",79.6
15/11/1993,"1,886,600","2,382,200",79.2
20/11/1993,"1,884,600","2,382,200",79.1
25/11/1993,"1,883,400","2,382,200",79.1
30/11/1993,"1,871,500","2,382,200",78.6
5/12/1993,"1,867,600","2,382,200",78.4
10/12/1993,"1,859,500","2,382,200",78.1
15/12/1993,"1,853,300","2,382,200",77.8
20/12/1993,"1,842,700","2,382,200",77.4
25/12/1993,"1,832,200","2,382,200",76.9
31/12/1993,"1,815,900","2,382,200",76.2
5/01/1994,"1,801,300","2,382,200",75.6
10/01/1994,"1,783,700","2,382,200",74.9
15/01/1994,"1,771,600","2,382,200",74.4
20/01/1994,"1,759,900","2,382,200",73.9
25/01/1994,"1,750,200","2,382,200",73.5
31/01/1994,"1,729,100","2,382,200",72.6
5/02/1994,"1,718,900","2,382,200",72.2
10/02/1994,"1,709,400","2,382,200",71.8
15/02/1994,"1,718,300","2,382,200",72.1
20/02/1994,"1,713,100","2,382,200",71.9
25/02/1994,"1,706,600","2,382,200",71.6
28/02/1994,"1,699,700","2,382,200",71.4
5/03/1994,"1,690,900","2,382,200",71
10/03/1994,"1,698,200","2,382,200",71.3
15/03/1994,"1,697,100","2,382,200",71.2
20/03/1994,"1,690,100","2,382,200",70.9
25/03/1994,"1,683,300","2,382,200",70.7
31/03/1994,"1,677,100","2,382,200",70.4
5/04/1994,"1,671,100","2,382,200",70.1
10/04/1994,"1,663,500","2,382,200",69.8
15/04/1994,"1,683,500","2,382,200",70.7
20/04/1994,"1,697,600","2,382,200",71.3
25/04/1994,"1,694,600","2,382,200",71.1
30/04/1994,"1,689,000","2,382,200",70.9
5/05/1994,"1,683,000","2,382,200",70.6
10/05/1994,"1,676,800","2,382,200",70.4
15/05/1994,"1,671,300","2,382,200",70.2
20/05/1994,"1,663,100","2,382,200",69.8
25/05/1994,"1,654,100","2,382,200",69.4
31/05/1994,"1,642,900","2,382,200",69
5/06/1994,"1,635,700","2,382,200",68.7
10/06/1994,"1,634,600","2,382,200",68.6
15/06/1994,"1,630,100","2,382,200",68.4
20/06/1994,"1,621,800","2,382,200",68.1
25/06/1994,"1,613,800","2,382,200",67.7
30/06/1994,"1,609,200","2,382,200",67.6
5/07/1994,"1,604,000","2,382,200",67.3
10/07/1994,"1,596,700","2,382,200",67
15/07/1994,"1,593,200","2,382,200",66.9
20/07/1994,"1,588,200","2,382,200",66.7
25/07/1994,"1,582,000","2,382,200",66.4
31/07/1994,"1,574,300","2,382,200",66.1
5/08/1994,"1,568,300","2,382,200",65.8
10/08/1994,"1,562,300","2,382,200",65.6
15/08/1994,"1,554,700","2,382,200",65.3
20/08/1994,"1,547,700","2,382,200",65
25/08/1994,"1,542,800","2,382,200",64.8
31/08/1994,"1,533,800","2,382,200",64.4
5/09/1994,"1,525,700","2,382,200",64
10/09/1994,"1,519,800","2,382,200",63.8
15/09/1994,"1,512,100","2,382,200",63.5
20/09/1994,"1,502,000","2,382,200",63.1
25/09/1994,"1,490,800","2,382,200",62.6
30/09/1994,"1,480,400","2,382,200",62.1
5/10/1994,"1,471,800","2,382,200",61.8
10/10/1994,"1,458,400","2,382,200",61.2
15/10/1994,"1,448,300","2,382,200",60.8
20/10/1994,"1,437,800","2,382,200",60.4
25/10/1994,"1,431,700","2,382,200",60.1
31/10/1994,"1,425,000","2,382,200",59.8
5/11/1994,"1,418,100","2,382,200",59.5
10/11/1994,"1,408,600","2,382,200",59.1
15/11/1994,"1,399,700","2,382,200",58.8
20/11/1994,"1,391,900","2,382,200",58.4
25/11/1994,"1,383,100","2,382,200",58.1
30/11/1994,"1,378,800","2,382,200",57.9
5/12/1994,"1,370,600","2,382,200",57.5
10/12/1994,"1,364,600","2,382,200",57.3
15/12/1994,"1,355,700","2,382,200",56.9
20/12/1994,"1,346,000","2,382,200",56.5
25/12/1994,"1,337,800","2,382,200",56.2
31/12/1994,"1,328,300","2,382,200",55.8
5/01/1995,"1,326,000","2,382,200",55.7
10/01/1995,"1,331,400","2,382,200",55.9
15/01/1995,"1,326,700","2,382,200",55.7
20/01/1995,"1,325,000","2,382,200",55.6
25/01/1995,"1,399,300","2,382,200",58.7
31/01/1995,"1,403,900","2,382,200",58.9
5/02/1995,"1,400,000","2,382,200",58.8
10/02/1995,"1,394,900","2,382,200",58.6
15/02/1995,"1,390,200","2,382,200",58.4
20/02/1995,"1,388,200","2,382,200",58.3
25/02/1995,"1,382,500","2,382,200",58
1/03/1995,"1,378,500","2,382,200",57.9
5/03/1995,"1,396,200","2,382,200",58.6
10/03/1995,"1,486,400","2,382,200",62.4
15/03/1995,"1,493,600","2,382,200",62.7
20/03/1995,"1,493,300","2,382,200",62.7
25/03/1995,"1,488,000","2,382,200",62.5
31/03/1995,"1,479,400","2,382,200",62.1
5/04/1995,"1,471,000","2,382,200",61.7
10/04/1995,"1,460,800","2,382,200",61.3
15/04/1995,"1,453,400","2,382,200",61
20/04/1995,"1,447,500","2,382,200",60.8
25/04/1995,"1,440,600","2,382,200",60.5
30/04/1995,"1,433,600","2,382,200",60.2
5/05/1995,"1,429,400","2,382,200",60
10/05/1995,"1,430,200","2,382,200",60
15/05/1995,"1,433,300","2,382,200",60.2
20/05/1995,"1,596,700","2,382,200",67
25/05/1995,"1,613,100","2,382,200",67.7
31/05/1995,"1,619,000","2,382,200",68
5/06/1995,"1,619,200","2,382,200",68
10/06/1995,"1,618,500","2,382,200",67.9
15/06/1995,"1,618,500","2,382,200",67.9
20/06/1995,"1,619,600","2,382,200",68
25/06/1995,"1,618,400","2,382,200",67.9
30/06/1995,"1,615,100","2,382,200",67.8
5/07/1995,"1,610,200","2,382,200",67.6
10/07/1995,"1,604,300","2,382,200",67.3
15/07/1995,"1,603,600","2,382,200",67.3
20/07/1995,"1,605,300","2,382,200",67.4
25/07/1995,"1,608,200","2,382,200",67.5
31/07/1995,"1,604,600","2,382,200",67.4
5/08/1995,"1,602,600","2,382,200",67.3
10/08/1995,"1,596,200","2,382,200",67
15/08/1995,"1,591,200","2,382,200",66.8
20/08/1995,"1,584,100","2,382,200",66.5
25/08/1995,"1,577,100","2,382,200",66.2
31/08/1995,"1,567,700","2,382,200",65.8
5/09/1995,"1,563,900","2,382,200",65.6
10/09/1995,"1,557,500","2,382,200",65.4
15/09/1995,"1,549,700","2,382,200",65.1
20/09/1995,"1,546,800","2,382,200",64.9
25/09/1995,"1,561,800","2,382,200",65.6
30/09/1995,"1,703,400","2,382,200",71.5
5/10/1995,"1,715,400","2,382,200",72
10/10/1995,"1,722,500","2,382,200",72.3
15/10/1995,"1,717,900","2,382,200",72.1
20/10/1995,"1,712,200","2,382,200",71.9
25/10/1995,"1,711,500","2,382,200",71.8
31/10/1995,"1,706,000","2,382,200",71.6
5/11/1995,"1,702,000","2,382,200",71.4
10/11/1995,"1,696,600","2,382,200",71.2
15/11/1995,"1,689,500","2,382,200",70.9
20/11/1995,"1,685,400","2,382,200",70.7
25/11/1995,"1,700,400","2,382,200",71.4
30/11/1995,"1,701,500","2,382,200",71.4
5/12/1995,"1,707,500","2,382,200",71.7
10/12/1995,"1,732,900","2,382,200",72.7
15/12/1995,"1,739,000","2,382,200",73
20/12/1995,"1,737,000","2,382,200",72.9
25/12/1995,"1,729,200","2,382,200",72.6
31/12/1995,"1,725,900","2,382,200",72.4
5/01/1996,"1,730,700","2,382,200",72.7
10/01/1996,"1,741,000","2,382,200",73.1
15/01/1996,"1,740,900","2,382,200",73.1
20/01/1996,"1,739,500","2,382,200",73
25/01/1996,"1,744,000","2,382,200",73.2
31/01/1996,"1,742,500","2,382,200",73.1
5/02/1996,"1,735,000","2,382,200",72.8
10/02/1996,"1,726,300","2,382,200",72.5
15/02/1996,"1,716,100","2,382,200",72
20/02/1996,"1,707,800","2,382,200",71.7
25/02/1996,"1,703,000","2,382,200",71.5
29/02/1996,"1,699,500","2,382,200",71.3
5/03/1996,"1,695,400","2,382,200",71.2
10/03/1996,"1,691,400","2,382,200",71
15/03/1996,"1,688,200","2,382,200",70.9
20/03/1996,"1,679,000","2,382,200",70.5
25/03/1996,"1,670,000","2,382,200",70.1
31/03/1996,"1,658,500","2,382,200",69.6
5/04/1996,"1,649,200","2,382,200",69.2
10/04/1996,"1,639,400","2,382,200",68.8
15/04/1996,"1,634,100","2,382,200",68.6
20/04/1996,"1,626,500","2,382,200",68.3
25/04/1996,"1,617,500","2,382,200",67.9
30/04/1996,"1,608,500","2,382,200",67.5
5/05/1996,"1,638,100","2,382,200",68.8
10/05/1996,"1,724,000","2,382,200",72.4
15/05/1996,"1,729,500","2,382,200",72.6
20/05/1996,"1,729,100","2,382,200",72.6
25/05/1996,"1,725,200","2,382,200",72.4
31/05/1996,"1,720,400","2,382,200",72.2
5/06/1996,"1,715,700","2,382,200",72
10/06/1996,"1,710,000","2,382,200",71.8
15/06/1996,"1,705,800","2,382,200",71.6
20/06/1996,"1,706,400","2,382,200",71.6
25/06/1996,"1,705,500","2,382,200",71.6
30/06/1996,"1,702,000","2,382,200",71.4
5/07/1996,"1,697,800","2,382,200",71.3
10/07/1996,"1,695,000","2,382,200",71.2
15/07/1996,"1,690,000","2,382,200",70.9
20/07/1996,"1,684,500","2,382,200",70.7
25/07/1996,"1,679,500","2,382,200",70.5
31/07/1996,"1,688,000","2,382,200",70.9
5/08/1996,"1,689,500","2,382,200",70.9
10/08/1996,"1,687,500","2,382,200",70.8
15/08/1996,"1,683,000","2,382,200",70.6
20/08/1996,"1,679,000","2,382,200",70.5
25/08/1996,"1,674,000","2,382,200",70.3
31/08/1996,"1,694,000","2,382,200",71.1
5/09/1996,"1,808,000","2,382,200",75.9
10/09/1996,"1,817,500","2,382,200",76.3
15/09/1996,"1,818,500","2,382,200",76.3
20/09/1996,"1,819,000","2,382,200",76.4
25/09/1996,"1,817,000","2,382,200",76.3
30/09/1996,"1,817,500","2,382,200",76.3
5/10/1996,"1,825,000","2,382,200",76.6
10/10/1996,"1,831,000","2,382,200",76.9
15/10/1996,"1,828,500","2,382,200",76.8
20/10/1996,"1,836,000","2,382,200",77.1
25/10/1996,"1,839,000","2,382,200",77.2
31/10/1996,"1,835,000","2,382,200",77
5/11/1996,"1,833,500","2,382,200",77
10/11/1996,"1,839,000","2,382,200",77.2
15/11/1996,"1,834,500","2,382,200",77
20/11/1996,"1,830,000","2,382,200",76.8
25/11/1996,"1,829,000","2,382,200",76.8
30/11/1996,"1,821,500","2,382,200",76.5
5/12/1996,"1,812,000","2,382,200",76.1
10/12/1996,"1,805,500","2,382,200",75.8
15/12/1996,"1,798,500","2,382,200",75.5
20/12/1996,"1,791,000","2,382,200",75.2
25/12/1996,"1,781,000","2,382,200",74.8
31/12/1996,"1,771,500","2,382,200",74.4
5/01/1996,"1,762,000","2,382,200",74
10/01/1996,"1,751,500","2,382,200",73.5
15/01/1996,"1,740,000","2,382,200",73
20/01/1996,"1,728,500","2,382,200",72.6
25/01/1996,"1,717,000","2,382,200",72.1
31/01/1996,"1,744,000","2,382,200",73.2
5/02/1997,"1,750,000","2,382,200",73.5
10/02/1997,"1,743,500","2,382,200",73.2
15/02/1997,"1,809,000","2,382,200",75.9
20/02/1997,"1,815,500","2,382,200",76.2
24/02/1997,"1,811,500","2,382,200",76
28/02/1997,"1,808,500","2,382,200",75.9
5/03/1997,"1,808,000","2,382,200",75.9
10/03/1997,"1,808,000","2,382,200",75.9
15/03/1997,"1,803,500","2,382,200",75.7
20/03/1997,"1,795,500","2,382,200",75.4
25/03/1997,"1,786,000","2,382,200",75
31/03/1997,"1,776,500","2,382,200",74.6
5/04/1997,"1,768,000","2,382,200",74.2
10/04/1997,"1,756,000","2,382,200",73.7
15/04/1997,"1,746,000","2,382,200",73.3
20/04/1997,"1,736,000","2,382,200",72.9
25/04/1997,"1,726,500","2,382,200",72.5
30/04/1997,"1,717,000","2,382,200",72.1
5/05/1997,"1,707,000","2,382,200",71.7
10/05/1997,"1,699,000","2,382,200",71.3
15/05/1997,"1,691,000","2,382,200",71
20/05/1997,"1,691,500","2,382,200",71
25/05/1997,"1,687,000","2,382,200",70.8
31/05/1997,"1,679,000","2,382,200",70.5
5/06/1997,"1,671,000","2,382,200",70.1
10/06/1997,"1,665,500","2,382,200",69.9
15/06/1997,"1,657,500","2,382,200",69.6
20/06/1997,"1,650,500","2,382,200",69.3
25/06/1997,"1,644,000","2,382,200",69
30/06/1997,"1,744,000","2,382,200",73.2
5/07/1997,"1,803,500","2,425,250",74.4
10/07/1997,"1,805,000","2,425,250",74.4
15/07/1997,"1,805,000","2,425,250",74.4
20/07/1997,"1,800,500","2,425,250",74.2
25/07/1997,"1,794,500","2,425,250",74
31/07/1997,"1,790,000","2,425,250",73.8
5/08/1997,"1,786,000","2,425,250",73.6
10/08/1997,"1,780,500","2,425,250",73.4
15/08/1997,"1,774,500","2,425,250",73.2
20/08/1997,"1,768,000","2,425,250",72.9
25/08/1997,"1,759,500","2,425,250",72.5
31/08/1997,"1,749,000","2,425,250",72.1
5/09/1997,"1,747,500","2,425,250",72.1
10/09/1997,"1,752,000","2,425,250",72.2
15/09/1997,"1,746,000","2,425,250",72
20/09/1997,"1,742,000","2,425,250",71.8
25/09/1997,"1,744,000","2,425,250",71.9
30/09/1997,"1,755,500","2,425,250",72.4
5/10/1997,"1,754,000","2,425,250",72.3
10/10/1997,"1,766,000","2,425,250",72.8
15/10/1997,"1,763,000","2,425,250",72.7
20/10/1997,"1,756,000","2,425,250",72.4
25/10/1997,"1,747,000","2,425,250",72
31/10/1997,"1,735,500","2,425,250",71.6
5/11/1997,"1,723,500","2,425,250",71.1
10/11/1997,"1,713,000","2,425,250",70.6
15/11/1997,"1,702,000","2,425,250",70.2
20/11/1997,"1,687,000","2,425,250",69.6
25/11/1997,"1,676,000","2,425,250",69.1
30/11/1997,"1,663,000","2,425,250",68.6
5/12/1997,"1,648,500","2,425,250",68
10/12/1997,"1,640,500","2,425,250",67.6
15/12/1997,"1,629,500","2,425,250",67.2
20/12/1997,"1,617,000","2,425,250",66.7
25/12/1997,"1,604,500","2,425,250",66.2
31/12/1997,"1,590,500","2,425,250",65.6
5/01/1998,"1,581,500","2,425,250",65.2
10/01/1998,"1,574,000","2,425,250",64.9
15/01/1998,"1,565,000","2,425,250",64.5
20/01/1998,"1,559,000","2,425,250",64.3
25/01/1998,"1,557,000","2,425,250",64.2
31/01/1998,"1,545,000","2,425,250",63.7
5/02/1998,"1,535,000","2,425,250",63.3
10/02/1998,"1,528,500","2,425,250",63
15/02/1998,"1,520,000","2,425,250",62.7
20/02/1998,"1,509,000","2,425,250",62.2
25/02/1998,"1,496,500","2,425,250",61.7
1/03/1998,"1,487,000","2,425,250",61.3
5/03/1998,"1,478,000","2,425,250",60.9
10/03/1998,"1,465,500","2,425,250",60.4
15/03/1998,"1,452,500","2,425,250",59.9
20/03/1998,"1,442,000","2,425,250",59.5
25/03/1998,"1,430,000","2,425,250",59
31/03/1998,"1,415,500","2,425,250",58.4
5/04/1998,"1,403,500","2,425,250",57.9
10/04/1998,"1,395,000","2,425,250",57.5
15/04/1998,"1,388,500","2,425,250",57.3
20/04/1998,"1,379,500","2,425,250",56.9
25/04/1998,"1,379,500","2,425,250",56.9
30/04/1998,"1,371,500","2,425,250",56.6
5/05/1998,"1,369,000","2,425,250",56.4
10/05/1998,"1,382,000","2,425,250",57
15/05/1998,"1,378,500","2,425,250",56.8
20/05/1998,"1,400,000","2,425,250",57.7
25/05/1998,"1,400,500","2,425,250",57.7
31/05/1998,"1,394,000","2,425,250",57.5
5/06/1998,"1,401,000","2,425,250",57.8
10/06/1998,"1,401,000","2,425,250",57.8
15/06/1998,"1,397,000","2,425,250",57.6
20/06/1998,"1,393,500","2,425,250",57.5
25/06/1998,"1,403,000","2,425,250",57.8
30/06/1998,"1,417,000","2,425,250",58.4
5/07/1998,"1,416,500","2,425,250",58.4
10/07/1998,"1,415,000","2,425,250",58.3
15/07/1998,"1,411,500","2,425,250",58.2
20/07/1998,"1,409,000","2,425,250",58.1
25/07/1998,"1,413,000","2,425,250",58.3
31/07/1998,"1,432,500","2,425,250",59.1
5/08/1998,"1,446,000","2,425,250",59.6
10/08/1998,"1,916,000","2,425,250",79
15/08/1998,"1,982,500","2,425,250",81.7
20/08/1998,"2,339,500","2,425,250",96.5
25/08/1998,"2,419,000","2,425,250",99.7
31/08/1998,"2,412,000","2,425,250",99.5
5/09/1998,"2,398,500","2,425,250",98.9
10/09/1998,"2,385,500","2,425,250",98.4
15/09/1998,"2,368,000","2,425,250",97.6
20/09/1998,"2,343,500","2,425,250",96.6
25/09/1998,"2,319,000","2,425,250",95.6
30/09/1998,"2,294,000","2,425,250",94.6
5/10/1998,"2,264,000","2,425,250",93.4
10/10/1998,"2,259,000","2,425,250",93.1
15/10/1998,"2,254,000","2,425,250",92.9
20/10/1998,"2,249,000","2,425,250",92.7
25/10/1998,"2,247,500","2,425,250",92.7
31/10/1998,"2,241,500","2,425,250",92.4
5/11/1998,"2,233,000","2,425,250",92.1
10/11/1998,"2,229,500","2,425,250",91.9
15/11/1998,"2,231,000","2,425,250",92
20/11/1998,"2,232,000","2,425,250",92
25/11/1998,"2,229,500","2,425,250",91.9
30/11/1998,"2,226,000","2,425,250",91.8
5/12/1998,"2,217,500","2,425,250",91.4
10/12/1998,"2,208,000","2,425,250",91
15/12/1998,"2,201,500","2,425,250",90.8
20/12/1998,"2,196,500","2,425,250",90.6
25/12/1998,"2,189,000","2,425,250",90.3
31/12/1998,"2,174,500","2,425,250",89.7
5/01/1999,"2,164,000","2,425,250",89.2
10/01/1999,"2,151,000","2,425,250",88.7
15/01/1999,"2,138,500","2,425,250",88.2
20/01/1999,"2,125,000","2,425,250",87.6
25/01/1999,"2,125,000","2,425,250",87.6
31/01/1999,"2,121,500","2,425,250",87.5
5/02/1999,"2,120,000","2,425,250",87.4
10/02/1999,"2,120,500","2,425,250",87.4
15/02/1999,"2,123,000","2,425,250",87.5
20/02/1999,"2,114,500","2,425,250",87.2
25/02/1999,"2,108,500","2,425,250",86.9
28/02/1999,"2,105,500","2,425,250",86.8
5/03/1999,"2,102,000","2,425,250",86.7
10/03/1999,"2,095,000","2,425,250",86.4
15/03/1999,"2,087,500","2,425,250",86.1
20/03/1999,"2,080,500","2,425,250",85.8
25/03/1999,"2,073,500","2,425,250",85.5
31/03/1999,"2,064,500","2,425,250",85.1
5/04/1999,"2,061,500","2,425,250",85
10/04/1999,"2,059,000","2,425,250",84.9
15/04/1999,"2,060,000","2,425,250",84.9
20/04/1999,"2,053,000","2,425,250",84.7
25/04/1999,"2,044,000","2,425,250",84.3
30/04/1999,"2,034,500","2,425,250",83.9
5/05/1999,"2,028,000","2,425,250",83.6
10/05/1999,"2,018,500","2,425,250",83.2
15/05/1999,"2,010,500","2,425,250",82.9
20/05/1999,"2,001,500","2,425,250",82.5
25/05/1999,"1,995,000","2,425,250",82.3
31/05/1999,"1,986,000","2,425,250",81.9
5/06/1999,"1,978,500","2,425,250",81.6
10/06/1999,"1,974,500","2,425,250",81.4
15/06/1999,"1,967,000","2,425,250",81.1
20/06/1999,"1,959,000","2,425,250",80.8
25/06/1999,"1,955,500","2,425,250",80.6
30/06/1999,"1,949,500","2,425,250",80.4
5/07/1999,"1,949,500","2,425,250",80.4
10/07/1999,"1,945,000","2,425,250",80.2
15/07/1999,"2,003,000","2,425,250",82.6
20/07/1999,"2,022,500","2,425,250",83.4
25/07/1999,"2,023,500","2,425,250",83.4
31/07/1999,"2,020,500","2,425,250",83.3
5/08/1999,"2,016,000","2,425,250",83.1
10/08/1999,"2,011,500","2,425,250",82.9
15/08/1999,"2,010,000","2,425,250",82.9
20/08/1999,"2,005,500","2,425,250",82.7
25/08/1999,"2,001,000","2,425,250",82.5
31/08/1999,"2,000,500","2,425,250",82.5
5/09/1999,"1,996,000","2,425,250",82.3
10/09/1999,"1,989,000","2,425,250",82
15/09/1999,"1,982,000","2,425,250",81.7
20/09/1999,"1,976,500","2,425,250",81.5
25/09/1999,"1,969,500","2,425,250",81.2
30/09/1999,"1,984,000","2,425,250",81.8
5/10/1999,"1,992,000","2,425,250",82.1
10/10/1999,"2,003,000","2,425,250",82.6
15/10/1999,"2,000,000","2,425,250",82.5
20/10/1999,"2,004,500","2,425,250",82.7
25/10/1999,"2,140,500","2,425,250",88.3
31/10/1999,"2,243,000","2,425,250",92.5
5/11/1999,"2,282,000","2,425,250",94.1
10/11/1999,"2,294,000","2,425,250",94.6
15/11/1999,"2,298,500","2,425,250",94.8
20/11/1999,"2,296,500","2,425,250",94.7
25/11/1999,"2,292,500","2,425,250",94.5
30/11/1999,"2,286,000","2,425,250",94.3
5/12/1999,"2,276,000","2,425,250",93.8
10/12/1999,"2,269,500","2,425,250",93.6
15/12/1999,"2,260,000","2,425,250",93.2
20/12/1999,"2,249,500","2,425,250",92.8
25/12/1999,"2,245,000","2,425,250",92.6
31/12/1999,"2,261,000","2,425,250",93.2
5/01/2000,"2,265,000","2,425,250",93.4
10/01/2000,"2,258,500","2,425,250",93.1
15/01/2000,"2,253,000","2,425,250",92.9
20/01/2000,"2,244,000","2,425,250",92.5
25/01/2000,"2,232,000","2,425,250",92
31/01/2000,"2,221,500","2,425,250",91.6
5/02/2000,"2,211,500","2,425,250",91.2
10/02/2000,"2,197,500","2,425,250",90.6
15/02/2000,"2,187,500","2,425,250",90.2
20/02/2000,"2,176,000","2,425,250",89.7
25/02/2000,"2,163,500","2,425,250",89.2
29/02/2000,"2,154,000","2,425,250",88.8
5/03/2000,"2,141,500","2,425,250",88.3
10/03/2000,"2,154,000","2,425,250",88.8
15/03/2000,"2,166,000","2,425,250",89.3
20/03/2000,"2,168,500","2,425,250",89.4
25/03/2000,"2,259,000","2,425,250",93.1
31/03/2000,"2,290,500","2,425,250",94.4
5/04/2000,"2,292,500","2,425,250",94.5
10/04/2000,"2,296,000","2,425,250",94.7
15/04/2000,"2,293,500","2,425,250",94.6
20/04/2000,"2,290,000","2,425,250",94.4
25/04/2000,"2,284,500","2,425,250",94.2
30/04/2000,"2,278,000","2,425,250",93.9
5/05/2000,"2,278,500","2,425,250",93.9
10/05/2000,"2,276,000","2,425,250",93.8
15/05/2000,"2,271,500","2,425,250",93.7
20/05/2000,"2,265,000","2,425,250",93.4
25/05/2000,"2,257,500","2,425,250",93.1
31/05/2000,"2,249,000","2,425,250",92.7
5/06/2000,"2,240,000","2,425,250",92.4
10/06/2000,"2,231,000","2,425,250",92
15/06/2000,"2,225,000","2,425,250",91.7
20/06/2000,"2,218,500","2,425,250",91.5
25/06/2000,"2,212,500","2,425,250",91.2
30/06/2000,"2,209,500","2,425,250",91.1
5/07/2000,"2,211,000","2,425,250",91.2
10/07/2000,"2,212,000","2,425,250",91.2
15/07/2000,"2,207,000","2,425,250",91
20/07/2000,"2,203,000","2,425,250",90.8
25/07/2000,"2,197,000","2,425,250",90.6
31/07/2000,"2,192,500","2,425,250",90.4
5/08/2000,"2,189,000","2,425,250",90.3
10/08/2000,"2,183,500","2,425,250",90
15/08/2000,"2,179,000","2,425,250",89.8
20/08/2000,"2,174,000","2,425,250",89.6
25/08/2000,"2,167,000","2,425,250",89.4
31/08/2000,"2,161,000","2,425,250",89.1
5/09/2000,"2,156,000","2,425,250",88.9
10/09/2000,"2,150,000","2,425,250",88.7
15/09/2000,"2,143,500","2,425,250",88.4
20/09/2000,"2,136,500","2,425,250",88.1
25/09/2000,"2,127,500","2,425,250",87.7
30/09/2000,"2,125,500","2,425,250",87.6
5/10/2000,"2,117,500","2,425,250",87.3
10/10/2000,"2,109,500","2,425,250",87
15/10/2000,"2,102,000","2,425,250",86.7
20/10/2000,"2,095,500","2,425,250",86.4
25/10/2000,"2,093,000","2,425,250",86.3
31/10/2000,"2,084,500","2,425,250",85.9
5/11/2000,"2,080,000","2,425,250",85.8
10/11/2000,"2,073,500","2,425,250",85.5
15/11/2000,"2,127,000","2,425,250",87.7
20/11/2000,"2,193,000","2,425,250",90.4
25/11/2000,"2,226,000","2,425,250",91.8
30/11/2000,"2,228,000","2,425,250",91.9
5/12/2000,"2,228,000","2,425,250",91.9
10/12/2000,"2,223,000","2,425,250",91.7
15/12/2000,"2,215,000","2,425,250",91.3
20/12/2000,"2,209,500","2,425,250",91.1
25/12/2000,"2,197,000","2,425,250",90.6
31/12/2000,"2,182,500","2,425,250",90
5/01/2001,"2,169,000","2,424,400",89.5
10/01/2001,"2,158,000","2,424,400",89
15/01/2001,"2,148,000","2,424,400",88.6
20/01/2001,"2,140,500","2,424,400",88.3
25/01/2001,"2,129,500","2,424,400",87.8
31/01/2001,"2,124,500","2,424,400",87.6
5/02/2001,"2,155,500","2,424,400",88.9
10/02/2001,"2,217,000","2,424,400",91.4
15/02/2001,"2,227,000","2,424,400",91.9
20/02/2001,"2,223,000","2,424,400",91.7
25/02/2001,"2,219,000","2,424,400",91.5
28/02/2001,"2,216,000","2,424,400",91.4
5/03/2001,"2,219,000","2,424,400",91.5
10/03/2001,"2,231,000","2,424,400",92
15/03/2001,"2,253,000","2,424,400",92.9
20/03/2001,"2,252,500","2,424,400",92.9
25/03/2001,"2,248,000","2,424,400",92.7
31/03/2001,"2,238,000","2,424,400",92.3
5/04/2001,"2,231,000","2,424,400",92
10/04/2001,"2,224,500","2,424,400",91.8
15/04/2001,"2,216,500","2,424,400",91.4
20/04/2001,"2,207,000","2,424,400",91
25/04/2001,"2,209,000","2,424,400",91.1
30/04/2001,"2,203,000","2,424,400",90.9
5/05/2001,"2,197,000","2,424,400",90.6
10/05/2001,"2,195,000","2,424,400",90.5
15/05/2001,"2,188,500","2,424,400",90.3
20/05/2001,"2,182,500","2,424,400",90
25/05/2001,"2,175,500","2,424,400",89.7
31/05/2001,"2,167,500","2,424,400",89.4
5/06/2001,"2,160,000","2,424,400",89.1
10/06/2001,"2,154,000","2,424,400",88.8
15/06/2001,"2,148,500","2,424,400",88.6
20/06/2001,"2,141,000","2,424,400",88.3
25/06/2001,"2,132,500","2,424,400",88
30/06/2001,"2,125,000","2,424,400",87.7
5/07/2001,"2,118,000","2,424,400",87.4
10/07/2001,"2,112,000","2,424,400",87.1
15/07/2001,"2,115,000","2,424,400",87.2
20/07/2001,"2,110,500","2,424,400",87.1
25/07/2001,"2,104,500","2,424,400",86.8
31/07/2001,"2,108,000","2,424,400",86.9
5/08/2001,"2,096,500","2,415,000",86.8
10/08/2001,"2,091,500","2,415,000",86.6
15/08/2001,"2,086,000","2,415,000",86.4
20/08/2001,"2,079,000","2,415,000",86.1
25/08/2001,"2,070,000","2,415,000",85.7
31/08/2001,"2,082,500","2,415,000",86.2
5/09/2001,"2,089,000","2,415,000",86.5
10/09/2001,"2,085,500","2,415,000",86.4
15/09/2001,"2,086,000","2,415,000",86.4
20/09/2001,"2,086,500","2,415,000",86.4
25/09/2001,"2,082,500","2,415,000",86.2
30/09/2001,"2,074,500","2,415,000",85.9
5/10/2001,"2,073,500","2,415,000",85.9
10/10/2001,"2,068,500","2,415,000",85.7
15/10/2001,"2,064,000","2,415,000",85.5
20/10/2001,"2,055,000","2,415,000",85.1
25/10/2001,"2,044,500","2,415,000",84.7
31/10/2001,"2,029,500","2,415,000",84
5/11/2001,"2,017,000","2,415,000",83.5
10/11/2001,"2,011,900","2,415,000",83.3
15/11/2001,"2,005,500","2,415,000",83
20/11/2001,"1,999,000","2,415,000",82.8
25/11/2001,"1,991,500","2,415,000",82.5
30/11/2001,"1,981,000","2,415,000",82
5/12/2001,"1,971,000","2,415,000",81.6
10/12/2001,"1,961,000","2,415,000",81.2
15/12/2001,"1,952,000","2,415,000",80.8
20/12/2001,"1,941,000","2,415,000",80.4
25/12/2001,"1,928,500","2,415,000",79.9
31/12/2001,"1,907,500","2,415,000",79
5/01/2002,"1,890,000","2,415,000",78.3
10/01/2002,"1,879,500","2,415,000",77.8
15/01/2002,"1,868,000","2,415,000",77.3
20/01/2002,"1,858,000","2,415,000",76.9
25/01/2002,"1,848,000","2,415,000",76.5
31/01/2002,"1,835,500","2,415,000",76
5/02/2002,"1,856,000","2,415,000",76.9
10/02/2002,"1,928,000","2,415,000",79.8
15/02/2002,"1,929,000","2,415,000",79.9
20/02/2002,"1,942,500","2,415,000",80.4
25/02/2002,"1,943,000","2,415,000",80.5
28/02/2002,"1,944,500","2,415,000",80.5
5/03/2002,"1,940,000","2,415,000",80.3
10/03/2002,"1,936,500","2,415,000",80.2
15/03/2002,"1,929,500","2,415,000",79.9
20/03/2002,"1,919,500","2,415,000",79.5
25/03/2002,"1,911,000","2,415,000",79.1
30/03/2002,"1,963,000","2,415,000",81.3
5/04/2002,"1,989,500","2,415,000",82.4
10/04/2002,"1,987,500","2,415,000",82.3
15/04/2002,"1,986,000","2,415,000",82.2
20/04/2002,"1,989,500","2,415,000",82.4
25/04/2002,"1,988,500","2,415,000",82.3
30/04/2002,"1,983,000","2,415,000",82.1
5/05/2002,"1,977,000","2,415,000",81.9
10/05/2002,"1,970,000","2,415,000",81.6
15/05/2002,"1,929,000","2,386,000",80.8
20/05/2002,"1,920,000","2,386,000",80.5
25/05/2002,"1,913,500","2,386,000",80.2
31/05/2002,"1,912,500","2,386,000",80.2
5/06/2002,"1,907,000","2,386,000",79.9
10/06/2002,"1,900,000","2,386,000",79.6
15/06/2002,"1,892,500","2,386,000",79.3
20/06/2002,"1,889,000","2,386,000",79.2
25/06/2002,"1,882,500","2,386,000",78.9
30/06/2002,"1,875,000","2,386,000",78.6
5/07/2002,"1,867,500","2,386,000",78.3
10/07/2002,"1,859,000","2,386,000",77.9
15/07/2002,"1,852,500","2,386,000",77.6
20/07/2002,"1,844,500","2,386,000",77.3
25/07/2002,"1,836,000","2,386,000",76.9
31/07/2002,"1,830,000","2,386,000",76.7
5/08/2002,"1,823,500","2,386,000",76.4
10/08/2002,"1,817,000","2,386,000",76.2
15/08/2002,"1,808,000","2,386,000",75.8
20/08/2002,"1,800,000","2,386,000",75.4
25/08/2002,"1,791,500","2,386,000",75.1
31/08/2002,"1,782,000","2,386,000",74.7
5/09/2002,"1,775,500","2,386,000",74.4
10/09/2002,"1,765,500","2,386,000",74
15/09/2002,"1,755,000","2,386,000",73.6
20/09/2002,"1,746,500","2,386,000",73.2
25/09/2002,"1,735,000","2,386,000",72.7
30/09/2002,"1,724,000","2,386,000",72.3
5/10/2002,"1,713,500","2,386,000",71.8
10/10/2002,"1,700,500","2,386,000",71.3
15/10/2002,"1,689,500","2,386,000",70.8
20/10/2002,"1,676,500","2,386,000",70.3
25/10/2002,"1,663,000","2,386,000",69.7
31/10/2002,"1,648,000","2,386,000",69.1
5/11/2002,"1,633,500","2,386,000",68.5
10/11/2002,"1,619,000","2,386,000",67.9
15/11/2002,"1,607,500","2,386,000",67.4
20/11/2002,"1,595,000","2,386,000",66.8
25/11/2002,"1,584,000","2,386,000",66.4
30/11/2002,"1,573,500","2,386,000",65.9
5/12/2002,"1,562,000","2,386,000",65.5
10/12/2002,"1,546,500","2,386,000",64.8
15/12/2002,"1,539,000","2,386,000",64.5
20/12/2002,"1,529,000","2,386,000",64.1
25/12/2002,"1,518,500","2,386,000",63.6
31/12/2002,"1,507,000","2,386,000",63.2
5/01/2003,"1,501,500","2,386,000",62.9
10/01/2003,"1,489,500","2,386,000",62.4
15/01/2003,"1,476,500","2,386,000",61.9
20/01/2003,"1,462,500","2,386,000",61.3
25/01/2003,"1,448,500","2,386,000",60.7
31/01/2003,"1,435,000","2,386,000",60.1
5/02/2003,"1,420,000","2,386,000",59.5
10/02/2003,"1,408,000","2,386,000",59
15/02/2003,"1,398,500","2,386,000",58.6
20/02/2003,"1,388,500","2,386,000",58.2
25/02/2003,"1,407,000","2,386,000",59
28/02/2003,"1,408,000","2,386,000",59
5/03/2003,"1,399,000","2,386,000",58.6
10/03/2003,"1,393,500","2,386,000",58.4
15/03/2003,"1,410,500","2,386,000",59.1
20/03/2003,"1,409,000","2,386,000",59.1
25/03/2003,"1,402,500","2,386,000",58.8
30/03/2003,"1,395,500","2,386,000",58.5
5/04/2003,"1,386,000","2,386,000",58.1
10/04/2003,"1,376,500","2,386,000",57.7
15/04/2003,"1,369,500","2,386,000",57.4
20/04/2003,"1,362,000","2,386,000",57.1
25/04/2003,"1,355,500","2,386,000",56.8
30/04/2003,"1,368,000","2,386,000",57.3
5/05/2003,"1,365,500","2,386,000",57.2
10/05/2003,"1,361,500","2,386,000",57.1
15/05/2003,"1,393,500","2,386,000",58.4
20/05/2003,"1,460,500","2,386,000",61.2
25/05/2003,"1,467,000","2,386,000",61.5
31/05/2003,"1,486,000","2,386,000",62.3
5/06/2003,"1,489,000","2,386,000",62.4
10/06/2003,"1,487,000","2,386,000",62.3
15/06/2003,"1,485,000","2,386,000",62.2
20/06/2003,"1,482,000","2,386,000",62.1
25/06/2003,"1,479,000","2,386,000",62
30/06/2003,"1,484,000","2,386,000",62.2
5/07/2003,"1,488,500","2,386,000",62.4
10/07/2003,"1,489,000","2,386,000",62.4
15/07/2003,"1,488,000","2,386,000",62.4
20/07/2003,"1,485,500","2,386,000",62.3
25/07/2003,"1,484,000","2,386,000",62.2
31/07/2003,"1,477,000","2,386,000",61.9
5/08/2003,"1,469,500","2,386,000",61.6
10/08/2003,"1,464,000","2,386,000",61.4
15/08/2003,"1,458,500","2,386,000",61.1
20/08/2003,"1,453,500","2,386,000",60.9
25/08/2003,"1,453,500","2,386,000",60.9
31/08/2003,"1,454,000","2,386,000",60.9
5/09/2003,"1,449,500","2,386,000",60.8
10/09/2003,"1,443,500","2,386,000",60.5
15/09/2003,"1,439,000","2,386,000",60.3
20/09/2003,"1,428,500","2,386,000",59.9
25/09/2003,"1,420,000","2,386,000",59.5
30/09/2003,"1,410,500","2,386,000",59.1
5/10/2003,"1,406,500","2,386,000",58.9
10/10/2003,"1,405,000","2,386,000",58.9
15/10/2003,"1,400,000","2,386,000",58.7
20/10/2003,"1,394,500","2,386,000",58.4
25/10/2003,"1,388,500","2,386,000",58.2
31/10/2003,"1,381,500","2,386,000",57.9
5/11/2003,"1,373,500","2,386,000",57.6
10/11/2003,"1,364,500","2,386,000",57.2
15/11/2003,"1,356,000","2,386,000",56.8
20/11/2003,"1,348,000","2,386,000",56.5
25/11/2003,"1,362,000","2,386,000",57.1
30/11/2003,"1,373,000","2,386,000",57.5
5/12/2003,"1,375,500","2,386,000",57.6
10/12/2003,"1,377,500","2,386,000",57.7
15/12/2003,"1,374,500","2,386,000",57.6
20/12/2003,"1,368,000","2,386,000",57.3
25/12/2003,"1,360,500","2,386,000",57
31/12/2003,"1,349,000","2,386,000",56.5
5/01/2004,"1,338,500","2,386,000",56.1
10/01/2004,"1,326,500","2,386,000",55.6
15/01/2004,"1,318,500","2,386,000",55.3
20/01/2004,"1,309,500","2,386,000",54.9
25/01/2004,"1,303,000","2,386,000",54.6
31/01/2004,"1,295,000","2,386,000",54.3
5/02/2004,"1,284,500","2,386,000",53.8
10/02/2004,"1,273,000","2,386,000",53.4
15/02/2004,"1,266,000","2,386,000",53.1
20/02/2004,"1,254,000","2,386,000",52.6
25/02/2004,"1,247,000","2,386,000",52.3
29/02/2004,"1,249,500","2,386,000",52.4
5/03/2004,"1,242,000","2,386,000",52.1
10/03/2004,"1,239,500","2,386,000",51.9
15/03/2004,"1,233,000","2,386,000",51.7
20/03/2004,"1,225,500","2,386,000",51.4
25/03/2004,"1,220,000","2,386,000",51.1
31/03/2004,"1,209,500","2,386,000",50.7
5/04/2004,"1,223,000","2,386,000",51.3
10/04/2004,"1,259,000","2,386,000",52.8
15/04/2004,"1,255,000","2,386,000",52.6
20/04/2004,"1,248,000","2,386,000",52.3
25/04/2004,"1,240,500","2,386,000",52
30/04/2004,"1,232,500","2,386,000",51.7
5/05/2004,"1,222,000","2,386,000",51.2
10/05/2004,"1,213,500","2,386,000",50.9
15/05/2004,"1,205,000","2,386,000",50.5
20/05/2004,"1,197,000","2,386,000",50.2
25/05/2004,"1,188,500","2,386,000",49.8
31/05/2004,"1,180,500","2,386,000",49.5
5/06/2004,"1,172,500","2,386,000",49.1
10/06/2004,"1,165,500","2,386,000",48.8
15/06/2004,"1,157,500","2,386,000",48.5
20/06/2004,"1,148,500","2,386,000",48.1
25/06/2004,"1,141,000","2,386,000",47.8
30/06/2004,"1,133,500","2,386,000",47.5
5/07/2004,"1,125,000","2,386,000",47.2
10/07/2004,"1,117,000","2,386,000",46.8
15/07/2004,"1,112,000","2,386,000",46.6
20/07/2004,"1,105,500","2,386,000",46.3
25/07/2004,"1,099,000","2,386,000",46.1
31/07/2004,"1,090,000","2,386,000",45.7
5/08/2004,"1,083,500","2,386,000",45.4
10/08/2004,"1,075,500","2,386,000",45.1
15/08/2004,"1,066,000","2,386,000",44.7
20/08/2004,"1,061,500","2,386,000",44.5
25/08/2004,"1,055,000","2,386,000",44.2
31/08/2004,"1,047,500","2,385,300",43.9
5/09/2004,"1,040,500","2,385,300",43.6
10/09/2004,"1,035,500","2,385,300",43.4
15/09/2004,"1,028,000","2,385,300",43.1
20/09/2004,"1,021,500","2,385,300",42.8
25/09/2004,"1,014,500","2,385,300",42.5
30/09/2004,"1,008,000","2,385,300",42.3
5/10/2004,"1,018,500","2,385,300",42.7
10/10/2004,"1,012,000","2,385,300",42.4
15/10/2004,"1,005,000","2,385,300",42.1
20/10/2004,"998,500","2,385,300",41.9
25/10/2004,"1,045,000","2,385,300",43.8
31/10/2004,"1,048,000","2,385,300",43.9
5/11/2004,"1,047,500","2,385,300",43.9
10/11/2004,"1,056,000","2,385,300",44.3
15/11/2004,"1,057,000","2,385,300",44.3
20/11/2004,"1,052,500","2,385,300",44.1
25/11/2004,"1,045,500","2,385,300",43.8
30/11/2004,"1,039,000","2,385,300",43.6
5/12/2004,"1,028,000","2,385,300",43.1
10/12/2004,"1,021,500","2,385,300",42.8
15/12/2004,"1,044,000","2,385,300",43.8
20/12/2004,"1,047,500","2,385,300",43.9
25/12/2004,"1,041,500","2,385,300",43.7
31/12/2004,"1,036,500","2,385,300",43.5
5/01/2005,"1,028,500","2,385,300",43.1
10/01/2005,"1,021,000","2,385,300",42.8
15/01/2005,"1,012,000","2,385,300",42.4
20/01/2005,"1,003,500","2,385,300",42.1
25/01/2005,"1,009,500","2,385,300",42.3
31/01/2005,"1,003,500","2,385,300",42.1
5/02/2005,"1,026,500","2,385,300",43
10/02/2005,"1,024,000","2,385,300",42.9
15/02/2005,"1,017,500","2,385,300",42.7
20/02/2005,"1,013,000","2,385,300",42.5
25/02/2005,"1,031,000","2,385,300",43.2
28/02/2005,"1,028,500","2,385,300",43.1
5/03/2005,"1,024,500","2,385,300",43
10/03/2005,"1,018,000","2,385,300",42.7
15/03/2005,"1,010,000","2,385,300",42.3
20/03/2005,"1,005,500","2,385,300",42.2
25/03/2005,"1,015,500","2,385,300",42.6
31/03/2005,"1,011,500","2,385,300",42.4
5/04/2005,"1,007,000","2,385,300",42.2
10/04/2005,"1,002,500","2,385,300",42
15/04/2005,"997,000","2,385,300",41.8
20/04/2005,"991,500","2,385,300",41.6
25/04/2005,"985,000","2,385,300",41.3
30/04/2005,"980,500","2,385,300",41.1
5/05/2005,"972,000","2,385,300",40.7
10/05/2005,"963,500","2,385,300",40.4
15/05/2005,"957,000","2,385,300",40.1
20/05/2005,"954,000","2,385,300",40
25/05/2005,"948,500","2,385,300",39.8
31/05/2005,"936,000","2,385,300",39.2
5/06/2005,"929,500","2,385,300",39
10/06/2005,"923,000","2,385,300",38.7
15/06/2005,"918,000","2,385,300",38.5
20/06/2005,"910,000","2,385,300",38.2
25/06/2005,"906,000","2,385,300",38
30/06/2005,"913,000","2,385,300",38.3
5/07/2005,"985,500","2,385,300",41.3
10/07/2005,"991,500","2,385,300",41.6
15/07/2005,"998,500","2,385,300",41.9
20/07/2005,"1,000,000","2,385,300",41.9
25/07/2005,"1,000,000","2,385,300",41.9
31/07/2005,"998,000","2,385,300",41.8
5/08/2005,"995,000","2,385,300",41.7
10/08/2005,"990,000","2,385,300",41.5
15/08/2005,"984,500","2,385,300",41.3
20/08/2005,"980,000","2,385,300",41.1
25/08/2005,"975,500","2,385,300",40.9
31/08/2005,"969,000","2,385,300",40.6
5/09/2005,"965,500","2,385,300",40.5
10/09/2005,"960,500","2,385,300",40.3
15/09/2005,"953,000","2,385,300",40
20/09/2005,"948,000","2,385,300",39.7
25/09/2005,"943,000","2,385,300",39.5
30/09/2005,"944,000","2,385,300",39.6
5/10/2005,"945,000","2,385,300",39.6
10/10/2005,"941,500","2,385,300",39.5
15/10/2005,"936,000","2,385,300",39.2
20/10/2005,"932,000","2,385,300",39.1
25/10/2005,"928,500","2,385,300",38.9
31/10/2005,"923,500","2,385,300",38.7
5/11/2005,"953,000","2,385,300",40
10/11/2005,"964,000","2,385,300",40.4
15/11/2005,"969,000","2,385,300",40.6
20/11/2005,"968,000","2,385,300",40.6
25/11/2005,"964,000","2,385,300",40.4
30/11/2005,"983,500","2,385,300",41.2
5/12/2005,"1,014,000","2,385,300",42.5
10/12/2005,"1,019,000","2,385,300",42.7
15/12/2005,"1,014,000","2,385,300",42.5
20/12/2005,"1,008,000","2,385,300",42.3
25/12/2005,"999,500","2,385,300",41.9
31/12/2005,"988,500","2,385,300",41.4
5/01/2006,"978,000","2,385,300",41
10/01/2006,"971,500","2,385,300",40.7
15/01/2006,"968,000","2,385,300",40.6
20/01/2006,"1,041,500","2,385,300",43.7
25/01/2006,"1,065,500","2,385,300",44.7
31/01/2006,"1,065,000","2,385,300",44.6
5/02/2006,"1,062,000","2,385,300",44.5
10/02/2006,"1,054,000","2,385,300",44.2
15/02/2006,"1,044,500","2,385,300",43.8
20/02/2006,"1,038,500","2,385,300",43.5
25/02/2006,"1,031,500","2,385,300",43.2
28/02/2006,"1,033,500","2,385,300",43.3
5/03/2006,"1,026,000","2,385,300",43
10/03/2006,"1,016,500","2,385,300",42.6
15/03/2006,"1,007,500","2,385,300",42.2
20/03/2006,"1,000,000","2,385,300",41.9
25/03/2006,"993,000","2,385,300",41.6
31/03/2006,"984,500","2,385,300",41.3
5/04/2006,"976,500","2,385,300",40.9
10/04/2006,"966,500","2,385,300",40.5
15/04/2006,"956,500","2,385,300",40.1
20/04/2006,"1,146,000","2,584,300",44.3
25/04/2006,"1,137,500","2,584,300",44
30/04/2006,"1,129,500","2,584,300",43.7
5/05/2006,"1,120,500","2,584,300",43.4
10/05/2006,"1,112,000","2,584,300",43
15/05/2006,"1,104,000","2,584,300",42.7
20/05/2006,"1,096,500","2,584,300",42.4
25/05/2006,"1,088,500","2,584,300",42.1
31/05/2006,"1,079,500","2,584,300",41.8
5/06/2006,"1,086,500","2,584,300",42
10/06/2006,"1,085,000","2,584,300",42
15/06/2006,"1,090,500","2,584,300",42.2
20/06/2006,"1,085,500","2,584,300",42
25/06/2006,"1,083,000","2,584,300",41.9
30/06/2006,"1,078,500","2,584,300",41.7
5/07/2006,"1,079,500","2,584,300",41.8
10/07/2006,"1,075,500","2,584,300",41.6
15/07/2006,"1,071,500","2,584,300",41.5
20/07/2006,"1,073,000","2,584,300",41.5
25/07/2006,"1,073,000","2,584,300",41.5
31/07/2006,"1,072,500","2,584,300",41.5
5/08/2006,"1,072,000","2,584,300",41.5
10/08/2006,"1,073,500","2,584,300",41.5
15/08/2006,"1,071,500","2,584,300",41.5
20/08/2006,"1,068,000","2,584,300",41.3
25/08/2006,"1,063,000","2,584,300",41.1
31/08/2006,"1,059,000","2,584,300",41
5/09/2006,"1,053,000","2,584,300",40.7
10/09/2006,"1,060,000","2,584,300",41
15/09/2006,"1,089,500","2,584,300",42.2
20/09/2006,"1,090,000","2,584,300",42.2
25/09/2006,"1,085,000","2,584,300",42
30/09/2006,"1,079,500","2,584,300",41.8
5/10/2006,"1,071,500","2,584,300",41.5
10/10/2006,"1,062,500","2,584,300",41.1
15/10/2006,"1,054,500","2,584,300",40.8
20/10/2006,"1,048,500","2,584,300",40.6
25/10/2006,"1,040,500","2,584,300",40.3
31/10/2006,"1,030,000","2,584,300",39.9
5/11/2006,"1,024,000","2,584,300",39.6
10/11/2006,"1,019,000","2,584,300",39.4
15/11/2006,"1,010,000","2,584,300",39.1
20/11/2006,"1,003,000","2,584,300",38.8
25/11/2006,"992,000","2,584,300",38.4
30/11/2006,"983,000","2,584,300",38
5/12/2006,"973,500","2,584,300",37.7
10/12/2006,"964,000","2,584,300",37.3
15/12/2006,"957,000","2,584,300",37
20/12/2006,"950,000","2,584,300",36.8
25/12/2006,"946,000","2,584,300",36.6
31/12/2006,"937,500","2,584,300",36.3
5/01/2007,"937,500","2,584,300",36.3
10/01/2007,"929,500","2,584,300",36
15/01/2007,"920,000","2,584,300",35.6
20/01/2007,"910,500","2,584,300",35.2
25/01/2007,"900,500","2,584,300",34.8
31/01/2007,"889,000","2,584,300",34.4
5/02/2007,"880,500","2,584,300",34.1
10/02/2007,"873,000","2,584,300",33.8
15/02/2007,"955,000","2,584,300",37
20/02/2007,"959,000","2,584,300",37.1
25/02/2007,"962,000","2,584,300",37.2
28/02/2007,"968,000","2,584,300",37.5
5/03/2007,"978,000","2,584,300",37.8
10/03/2007,"993,000","2,584,300",38.4
15/03/2007,"992,000","2,584,300",38.4
20/03/2007,"994,000","2,584,300",38.5
25/03/2007,"993,500","2,584,300",38.4
31/03/2007,"993,000","2,584,300",38.4
5/04/2007,"989,500","2,584,300",38.3
10/04/2007,"988,500","2,584,300",38.3
15/04/2007,"984,000","2,584,300",38.1
20/04/2007,"979,000","2,584,300",37.9
25/04/2007,"987,000","2,584,300",38.2
30/04/2007,"988,500","2,584,300",38.3
5/05/2007,"984,000","2,584,300",38.1
10/05/2007,"980,000","2,584,300",37.9
15/05/2007,"975,000","2,584,300",37.7
20/05/2007,"973,000","2,584,300",37.7
25/05/2007,"970,500","2,584,300",37.6
31/05/2007,"962,500","2,584,300",37.2
5/06/2007,"957,500","2,584,300",37.1
10/06/2007,"984,000","2,584,300",38.1
15/06/2007,"1,031,500","2,584,300",39.9
20/06/2007,"1,246,000","2,584,300",48.2
25/06/2007,"1,329,000","2,584,300",51.4
30/06/2007,"1,406,000","2,584,300",54.4
5/07/2007,"1,437,500","2,584,300",55.6
10/07/2007,"1,456,500","2,584,300",56.4
15/07/2007,"1,477,500","2,584,300",57.2
20/07/2007,"1,479,500","2,584,300",57.2
25/07/2007,"1,485,500","2,584,300",57.5
31/07/2007,"1,488,500","2,584,300",57.6
5/08/2007,"1,487,000","2,584,300",57.5
10/08/2007,"1,485,500","2,584,300",57.5
15/08/2007,"1,483,500","2,584,300",57.4
20/08/2007,"1,491,500","2,584,300",57.7
25/08/2007,"1,514,500","2,584,300",58.6
31/08/2007,"1,520,000","2,584,300",58.8
5/09/2007,"1,520,000","2,584,300",58.8
10/09/2007,"1,527,000","2,584,300",59.1
15/09/2007,"1,527,500","2,584,300",59.1
20/09/2007,"1,525,000","2,584,300",59
25/09/2007,"1,523,500","2,584,300",59
30/09/2007,"1,518,000","2,584,300",58.7
5/10/2007,"1,512,000","2,584,300",58.5
10/10/2007,"1,503,500","2,584,300",58.2
15/10/2007,"1,497,500","2,584,300",57.9
20/10/2007,"1,489,500","2,584,300",57.6
25/10/2007,"1,482,000","2,584,300",57.3
31/10/2007,"1,476,000","2,584,300",57.1
5/11/2007,"1,478,500","2,584,300",57.2
10/11/2007,"1,502,500","2,584,300",58.1
15/11/2007,"1,508,000","2,584,300",58.4
20/11/2007,"1,505,000","2,584,300",58.2
25/11/2007,"1,515,500","2,584,300",58.6
30/11/2007,"1,522,500","2,584,300",58.9
5/12/2007,"1,536,000","2,584,300",59.4
10/12/2007,"1,545,000","2,584,300",59.8
15/12/2007,"1,556,500","2,584,300",60.2
20/12/2007,"1,565,000","2,584,300",60.6
25/12/2007,"1,571,500","2,584,300",60.8
31/12/2007,"1,573,500","2,584,300",60.9
5/01/2008,"1,571,000","2,584,300",60.8
10/01/2008,"1,567,000","2,584,300",60.6
15/01/2008,"1,564,000","2,584,300",60.5
20/01/2008,"1,572,000","2,584,300",60.8
25/01/2008,"1,579,500","2,584,300",61.1
31/01/2008,"1,575,500","2,584,300",61
5/02/2008,"1,612,000","2,608,730",61.8
10/02/2008,"1,715,500","2,608,730",65.8
15/02/2008,"1,732,500","2,608,730",66.4
20/02/2008,"1,735,000","2,608,730",66.5
25/02/2008,"1,731,000","2,608,730",66.4
29/02/2008,"1,736,000","2,608,730",66.5
5/03/2008,"1,735,500","2,608,730",66.5
10/03/2008,"1,734,000","2,608,730",66.5
15/03/2008,"1,730,500","2,608,730",66.3
20/03/2008,"1,724,000","2,608,730",66.1
25/03/2008,"1,722,000","2,608,730",66
31/03/2008,"1,719,500","2,608,730",65.9
5/04/2008,"1,714,000","2,608,730",65.7
10/04/2008,"1,711,000","2,608,730",65.6
15/04/2008,"1,708,500","2,608,730",65.5
20/04/2008,"1,704,500","2,608,730",65.3
25/04/2008,"1,709,000","2,608,730",65.5
30/04/2008,"1,714,500","2,608,730",65.7
5/05/2008,"1,711,500","2,608,730",65.6
10/05/2008,"1,706,000","2,608,730",65.4
15/05/2008,"1,701,500","2,608,730",65.2
20/05/2008,"1,697,500","2,608,730",65.1
25/05/2008,"1,690,500","2,608,730",64.8
31/05/2008,"1,685,500","2,608,730",64.6
5/06/2008,"1,701,500","2,608,730",65.2
10/06/2008,"1,725,500","2,608,730",66.1
15/06/2008,"1,731,500","2,608,730",66.4
20/06/2008,"1,736,500","2,608,730",66.6
25/06/2008,"1,740,000","2,608,730",66.7
30/06/2008,"1,737,500","2,608,730",66.6
5/07/2008,"1,734,500","2,608,730",66.5
10/07/2008,"1,733,500","2,608,730",66.4
15/07/2008,"1,729,500","2,608,730",66.3
20/07/2008,"1,725,000","2,608,730",66.1
25/07/2008,"1,722,000","2,608,730",66
31/07/2008,"1,724,500","2,608,730",66.1
5/08/2008,"1,721,000","2,608,730",66
10/08/2008,"1,724,000","2,608,730",66.1
15/08/2008,"1,721,000","2,608,730",66
20/08/2008,"1,717,000","2,608,730",65.8
25/08/2008,"1,713,500","2,608,730",65.7
31/08/2008,"1,711,500","2,608,730",65.6
5/09/2008,"1,712,000","2,608,730",65.6
10/09/2008,"1,730,500","2,608,730",66.3
15/09/2008,"1,732,500","2,608,730",66.4
20/09/2008,"1,734,000","2,608,730",66.5
25/09/2008,"1,728,500","2,608,730",66.3
30/09/2008,"1,726,000","2,608,730",66.2
5/10/2008,"1,722,500","2,608,730",66
10/10/2008,"1,721,000","2,608,730",66
15/10/2008,"1,718,500","2,608,730",65.9
20/10/2008,"1,718,500","2,608,730",65.9
25/10/2008,"1,718,500","2,608,730",65.9
31/10/2008,"1,710,000","2,608,730",65.5
5/11/2008,"1,702,500","2,608,730",65.3
10/11/2008,"1,693,000","2,608,730",64.9
15/11/2008,"1,687,500","2,608,730",64.7
20/11/2008,"1,683,500","2,608,730",64.5
25/11/2008,"1,674,500","2,608,730",64.2
30/11/2008,"1,670,000","2,608,730",64
5/12/2008,"1,662,500","2,608,730",63.7
10/12/2008,"1,655,500","2,608,730",63.5
15/12/2008,"1,660,500","2,608,730",63.7
20/12/2008,"1,656,000","2,608,730",63.5
25/12/2008,"1,648,500","2,608,730",63.2
31/12/2008,"1,641,500","2,608,730",62.9
5/01/2009,"1,632,500","2,608,730",62.6
10/01/2009,"1,622,500","2,608,730",62.2
15/01/2009,"1,614,000","2,608,730",61.9
20/01/2009,"1,614,000","2,608,730",61.9
25/01/2009,"1,593,000","2,608,730",61.1
31/01/2009,"1,581,000","2,608,730",60.6
5/02/2009,"1,570,000","2,608,730",60.2
10/02/2009,"1,557,500","2,608,730",59.7
15/02/2009,"1,556,500","2,608,730",59.7
20/02/2009,"1,568,500","2,608,730",60.1
25/02/2009,"1,565,500","2,608,730",60
28/02/2009,"1,560,500","2,608,730",59.8
5/03/2009,"1,552,000","2,608,730",59.5
10/03/2009,"1,542,500","2,608,730",59.1
15/03/2009,"1,538,500","2,608,730",59
20/03/2009,"1,530,500","2,608,730",58.7
25/03/2009,"1,521,500","2,608,730",58.3
31/03/2009,"1,514,000","2,608,730",58
5/04/2009,"1,539,500","2,608,730",59
10/04/2009,"1,539,000","2,608,730",59
15/04/2009,"1,538,500","2,608,730",59
20/04/2009,"1,533,000","2,608,730",58.8
25/04/2009,"1,536,500","2,608,730",58.9
30/04/2009,"1,530,500","2,608,730",58.7
5/05/2009,"1,525,500","2,608,730",58.5
10/05/2009,"1,519,500","2,608,730",58.2
15/05/2009,"1,513,000","2,608,730",58
20/05/2009,"1,508,000","2,608,730",57.8
25/05/2009,"1,569,500","2,608,730",60.2
31/05/2009,"1,587,000","2,608,730",60.8
5/06/2009,"1,596,000","2,608,730",61.2
10/06/2009,"1,601,000","2,608,730",61.4
15/06/2009,"1,600,500","2,608,730",61.4
20/06/2009,"1,601,000","2,608,730",61.4
25/06/2009,"1,602,500","2,608,730",61.4
30/06/2009,"1,600,500","2,608,730",61.4
5/07/2009,"1,597,000","2,608,730",61.2
10/07/2009,"1,595,000","2,608,730",61.1
15/07/2009,"1,592,500","2,608,730",61
20/07/2009,"1,590,000","2,608,730",60.9
25/07/2009,"1,586,500","2,608,730",60.8
31/07/2009,"1,583,000","2,608,730",60.7
5/08/2009,"1,578,500","2,608,730",60.5
10/08/2009,"1,572,500","2,608,730",60.3
15/08/2009,"1,568,500","2,608,730",60.1
20/08/2009,"1,562,000","2,608,730",59.9
25/08/2009,"1,556,500","2,608,730",59.7
31/08/2009,"1,548,500","2,608,730",59.4
5/09/2009,"1,543,500","2,608,730",59.2
10/09/2009,"1,537,000","2,608,730",58.9
15/09/2009,"1,530,500","2,608,730",58.7
20/09/2009,"1,524,500","2,608,730",58.4
25/09/2009,"1,518,500","2,608,730",58.2
30/09/2009,"1,509,500","2,608,730",57.9
5/10/2009,"1,505,000","2,608,730",57.7
10/10/2009,"1,501,000","2,608,730",57.5
15/10/2009,"1,494,500","2,608,730",57.3
20/10/2009,"1,487,000","2,608,730",57
25/10/2009,"1,478,000","2,608,730",56.7
31/10/2009,"1,472,000","2,608,730",56.4
5/11/2009,"1,468,200","2,608,730",56.3
10/11/2009,"1,460,300","2,608,730",56
15/11/2009,"1,455,500","2,608,730",55.8
20/11/2009,"1,445,500","2,608,730",55.4
25/11/2009,"1,437,500","2,608,730",55.1
30/11/2009,"1,428,000","2,608,730",54.7
5/12/2009,"1,419,000","2,608,730",54.4
10/12/2009,"1,406,500","2,608,730",53.9
15/12/2009,"1,395,000","2,608,730",53.5
20/12/2009,"1,385,500","2,608,730",53.1
25/12/2009,"1,376,000","2,608,730",52.7
31/12/2009,"1,376,500","2,608,730",52.8
5/01/2010,"1,369,500","2,608,730",52.5
10/01/2010,"1,360,000","2,608,730",52.1
15/01/2010,"1,352,000","2,608,730",51.8
20/01/2010,"1,344,500","2,608,730",51.5
25/01/2010,"1,335,000","2,608,730",51.2
30/01/2010,"1,328,500","2,608,730",50.9
5/02/2010,"1,344,000","2,608,730",51.5
10/02/2010,"1,468,000","2,608,730",56.3
15/02/2010,"1,503,000","2,608,730",57.6
20/02/2010,"1,547,000","2,608,730",59.3
25/02/2010,"1,546,500","2,608,730",59.3
28/02/2010,"1,543,500","2,608,730",59.2
5/03/2010,"1,542,000","2,608,730",59.1
10/03/2010,"1,539,500","2,608,730",59
15/03/2010,"1,534,000","2,608,730",58.8
20/03/2010,"1,529,000","2,608,730",58.6
25/03/2010,"1,521,500","2,608,730",58.3
31/03/2010,"1,519,500","2,608,730",58.2
5/04/2010,"1,520,500","2,608,730",58.3
10/04/2010,"1,519,000","2,608,730",58.2
15/04/2010,"1,513,000","2,608,730",58
20/04/2010,"1,506,500","2,608,730",57.7
25/04/2010,"1,501,000","2,608,730",57.5
30/04/2010,"1,495,500","2,608,730",57.3
5/05/2010,"1,487,000","2,608,730",57
10/05/2010,"1,481,000","2,608,730",56.8
15/05/2010,"1,471,500","2,608,730",56.4
20/05/2010,"1,469,500","2,608,730",56.3
25/05/2010,"1,461,000","2,608,730",56
31/05/2010,"1,478,500","2,608,730",56.7
5/06/2010,"1,504,500","2,608,730",57.7
10/06/2010,"1,509,500","2,608,730",57.9
15/06/2010,"1,507,000","2,608,730",57.8
20/06/2010,"1,505,000","2,608,730",57.7
25/06/2010,"1,502,500","2,608,730",57.6
30/06/2010,"1,501,500","2,608,730",57.6
5/07/2010,"1,471,000","2,581,850",57
10/07/2010,"1,468,500","2,581,850",56.9
15/07/2010,"1,465,000","2,581,850",56.7
20/07/2010,"1,464,000","2,581,850",56.7
25/07/2010,"1,461,500","2,581,850",56.6
31/07/2010,"1,463,500","2,581,850",56.7
5/08/2010,"1,467,000","2,581,850",56.8
10/08/2010,"1,467,500","2,581,850",56.8
15/08/2010,"1,474,000","2,581,850",57.1
20/08/2010,"1,481,000","2,581,850",57.4
25/08/2010,"1,488,000","2,581,850",57.6
31/08/2010,"1,488,500","2,581,850",57.7
5/09/2010,"1,491,500","2,581,850",57.8
10/09/2010,"1,492,000","2,581,850",57.8
15/09/2010,"1,503,000","2,581,850",58.2
20/09/2010,"1,502,500","2,581,850",58.2
25/09/2010,"1,497,500","2,581,850",58
30/09/2010,"1,493,000","2,581,850",57.8
5/10/2010,"1,502,500","2,581,850",58.2
10/10/2010,"1,506,000","2,581,850",58.3
15/10/2010,"1,504,000","2,581,850",58.3
20/10/2010,"1,500,500","2,581,850",58.1
25/10/2010,"1,499,500","2,581,850",58.1
31/10/2010,"1,496,500","2,581,850",58
5/11/2010,"1,512,500","2,581,850",58.6
10/11/2010,"1,525,500","2,581,850",59.1
15/11/2010,"1,530,000","2,581,850",59.3
20/11/2010,"1,534,500","2,581,850",59.4
25/11/2010,"1,532,000","2,581,850",59.3
30/11/2010,"1,533,000","2,581,850",59.4
5/12/2010,"1,658,500","2,581,850",64.2
10/12/2010,"1,725,500","2,581,850",66.8
15/12/2010,"1,858,000","2,581,850",72
20/12/2010,"1,862,500","2,581,850",72.1
25/12/2010,"1,864,000","2,581,850",72.2
31/12/2010,"1,872,500","2,581,850",72.5
5/01/2011,"1,876,000","2,581,850",72.7
10/01/2011,"1,882,500","2,581,850",72.9
15/01/2011,"1,901,500","2,581,850",73.6
20/01/2011,"1,901,500","2,581,850",73.6
25/01/2011,"1,900,500","2,581,850",73.6
31/01/2011,"1,894,500","2,581,850",73.4
5/02/2011,"1,889,500","2,581,850",73.2
10/02/2011,"1,883,500","2,581,850",73
15/02/2011,"1,881,500","2,581,850",72.9
20/02/2011,"1,878,500","2,581,850",72.8
25/02/2011,"1,874,000","2,581,850",72.6
28/02/2011,"1,868,500","2,581,850",72.4
5/03/2011,"1,862,000","2,581,850",72.1
10/03/2011,"1,854,500","2,581,850",71.8
15/03/2011,"1,851,500","2,581,850",71.7
20/03/2011,"1,866,000","2,581,850",72.3
25/03/2011,"1,933,500","2,581,850",74.9
31/03/2011,"1,932,000","2,581,850",74.8
5/04/2011,"1,928,000","2,581,850",74.7
10/04/2011,"1,926,500","2,581,850",74.6
15/04/2011,"1,923,500","2,581,850",74.5
20/04/2011,"1,920,000","2,581,850",74.4
25/04/2011,"1,916,000","2,581,850",74.2
30/04/2011,"1,919,000","2,581,850",74.3
5/05/2011,"1,919,500","2,581,850",74.3
10/05/2011,"1,915,000","2,581,850",74.2
15/05/2011,"1,908,500","2,581,850",73.9
20/05/2011,"1,904,000","2,581,850",73.7
25/05/2011,"1,899,000","2,581,850",73.6
31/05/2011,"1,901,000","2,581,850",73.6
5/06/2011,"1,931,000","2,581,850",74.8
10/06/2011,"1,932,000","2,581,850",74.8
15/06/2011,"1,941,500","2,581,850",75.2
20/06/2011,"1,966,500","2,581,850",76.2
25/06/2011,"1,971,000","2,581,850",76.3
30/06/2011,"1,973,000","2,581,850",76.4
5/07/2011,"1,971,500","2,581,850",76.4
10/07/2011,"1,970,000","2,581,850",76.3
15/07/2011,"1,966,500","2,581,850",76.2
20/07/2011,"1,967,500","2,581,850",76.2
25/07/2011,"2,013,500","2,581,850",78
31/07/2011,"2,020,000","2,581,850",78.2
5/08/2011,"2,020,000","2,581,850",78.2
10/08/2011,"2,017,500","2,581,850",78.1
15/08/2011,"2,017,500","2,581,850",78.1
20/08/2011,"2,021,500","2,581,850",78.3
25/08/2011,"2,035,000","2,581,850",78.8
31/08/2011,"2,037,000","2,581,850",78.9
5/09/2011,"2,036,000","2,581,850",78.9
10/09/2011,"2,035,500","2,581,850",78.8
15/09/2011,"2,032,000","2,581,850",78.7
20/09/2011,"2,026,000","2,581,850",78.5
25/09/2011,"2,025,000","2,581,850",78.4
30/09/2011,"2,029,500","2,581,850",78.6
5/10/2011,"2,032,500","2,581,850",78.7
10/10/2011,"2,037,000","2,581,850",78.9
15/10/2011,"2,036,500","2,581,850",78.9
20/10/2011,"2,034,500","2,581,850",78.8
25/10/2011,"2,029,500","2,581,850",78.6
31/10/2011,"2,027,000","2,581,850",78.5
5/11/2011,"2,022,500","2,581,850",78.3
10/11/2011,"2,020,000","2,581,850",78.2
15/11/2011,"2,013,000","2,581,850",78
20/11/2011,"2,007,000","2,581,850",77.7
25/11/2011,"2,011,500","2,581,850",77.9
30/11/2011,"2,058,500","2,581,850",79.7
5/12/2011,"2,063,000","2,581,850",79.9
10/12/2011,"2,066,000","2,581,850",80
15/12/2011,"2,079,000","2,581,850",80.5
20/12/2011,"2,080,500","2,581,850",80.6
25/12/2011,"2,081,000","2,581,850",80.6
31/12/2011,"2,078,500","2,581,850",80.5
6/01/2012,"2,072,500","2,581,850",80.3
11/01/2012,"2,068,000","2,581,850",80.1
16/01/2012,"2,062,000","2,581,850",79.9
21/01/2012,"2,062,500","2,581,850",79.9
26/01/2012,"2,063,000","2,581,850",79.9
1/02/2012,"2,081,000","2,581,850",80.6
6/02/2012,"2,121,000","2,581,850",82.2
11/02/2012,"2,142,000","2,581,850",83
16/02/2012,"2,185,000","2,581,850",84.6
21/02/2012,"2,217,500","2,581,850",85.9
26/02/2012,"2,255,500","2,581,850",87.4
2/03/2012,"2,351,500","2,581,850",91.1
6/03/2012,"2,524,000","2,581,850",97.8
11/03/2012,"2,535,000","2,581,850",98.2
16/03/2012,"2,490,500","2,581,850",96.5
21/03/2012,"2,465,000","2,581,850",95.5
26/03/2012,"2,458,500","2,581,850",95.2
1/04/2012,"2,469,000","2,581,850",95.6
6/04/2012,"2,477,500","2,581,850",96
11/04/2012,"2,480,000","2,581,850",96.1
16/04/2012,"2,478,500","2,581,850",96
21/04/2012,"2,531,000","2,581,850",98
26/04/2012,"2,508,000","2,581,850",97.1
1/05/2012,"2,489,500","2,581,850",96.4
6/05/2012,"2,477,500","2,581,850",96
11/05/2012,"2,462,500","2,581,850",95.4
16/05/2012,"2,450,000","2,581,850",94.9
21/05/2012,"2,445,500","2,581,850",94.7
26/05/2012,"2,442,500","2,581,850",94.6
1/06/2012,"2,439,500","2,581,850",94.5
6/06/2012,"2,440,000","2,581,850",94.5
11/06/2012,"2,456,000","2,581,850",95.1
16/06/2012,"2,476,500","2,581,850",95.9
21/06/2012,"2,488,000","2,581,850",96.4
26/06/2012,"2,493,000","2,581,850",96.6
1/07/2012,"2,496,000","2,581,850",96.7
5/07/2012,"2,494,500","2,581,850",96.6
10/07/2012,"2,496,000","2,581,850",96.7
15/07/2012,"2,505,500","2,581,850",97
20/07/2012,"2,496,000","2,581,850",96.7
25/07/2012,"2,480,000","2,581,850",96.1
31/07/2012,"2,476,000","2,581,850",95.9
5/08/2012,"2,472,500","2,581,850",95.8
10/08/2012,"2,468,500","2,581,850",95.6
15/08/2012,"2,464,500","2,581,850",95.5
20/08/2012,"2,460,500","2,581,850",95.3
25/08/2012,"2,452,500","2,581,850",95
31/08/2012,"2,452,000","2,581,850",95
5/09/2012,"2,447,000","2,581,850",94.8
10/09/2012,"2,441,500","2,581,850",94.6
15/09/2012,"2,435,500","2,581,850",94.3
20/09/2012,"2,431,500","2,581,850",94.2
25/09/2012,"2,427,500","2,581,850",94
30/09/2012,"2,421,500","2,581,850",93.8
5/10/2012,"2,415,500","2,581,850",93.6
10/10/2012,"2,410,500","2,581,850",93.4
15/10/2012,"2,412,000","2,581,850",93.4
20/10/2012,"2,408,500","2,581,850",93.3
25/10/2012,"2,402,500","2,581,850",93.1
31/10/2012,"2,393,000","2,581,850",92.7
5/11/2012,"2,384,000","2,581,850",92.3
10/11/2012,"2,377,000","2,581,850",92.1
15/11/2012,"2,367,000","2,581,850",91.7
20/11/2012,"2,361,500","2,581,850",91.5
25/11/2012,"2,352,500","2,581,850",91.1
30/11/2012,"2,348,000","2,581,850",90.9
5/12/2012,"2,339,000","2,581,850",90.6
10/12/2012,"2,328,500","2,581,850",90.2
15/12/2012,"2,321,000","2,581,850",89.9
20/12/2012,"2,310,500","2,581,850",89.5
25/12/2012,"2,303,500","2,581,850",89.2
31/12/2012,"2,295,500","2,581,850",88.9
5/01/2013,"2,285,500","2,581,850",88.5
10/01/2013,"2,273,500","2,581,850",88.1
15/01/2013,"2,263,000","2,581,850",87.7
20/01/2013,"2,254,000","2,581,850",87.3
25/01/2013,"2,243,274","2,581,850",86.9
31/01/2013,"2,289,475","2,581,850",88.7
5/02/2013,"2,304,500","2,581,850",89.3
10/02/2013,"2,296,000","2,581,850",88.9
15/02/2013,"2,294,500","2,581,850",88.9
20/02/2013,"2,290,500","2,581,850",88.7
25/02/2013,"2,444,500","2,581,850",94.7
28/02/2013,"2,446,500","2,581,850",94.8
5/03/2013,"2,459,500","2,581,850",95.3
10/03/2013,"2,441,500","2,581,850",94.6
15/03/2013,"2,434,000","2,581,850",94.3
20/03/2013,"2,429,000","2,581,850",94.1
25/03/2013,"2,424,500","2,581,850",93.9
31/03/2013,"2,418,500","2,581,850",93.7
5/04/2013,"2,413,500","2,581,850",93.5
10/04/2013,"2,408,500","2,581,850",93.3
20/04/2013,"2,404,500","2,581,850",93.1
25/04/2013,"2,405,770","2,581,850",93.2
30/04/2013,"2,399,000","2,581,850",92.9
5/05/2013,"2,392,000","2,581,850",92.6
10/05/2013,"2,382,500","2,581,850",92.3
15/05/2013,"2,381,250","2,581,850",92.2
20/05/2013,"2,377,250","2,581,850",92.1
25/05/2013,"2,380,500","2,581,850",92.2
31/05/2013,"2,377,000","2,581,850",92.1
5/06/2013,"2,374,500","2,581,850",92
10/06/2013,"2,370,500","2,581,850",91.8
15/06/2013,"2,364,500","2,581,850",91.6
20/06/2013,"2,364,500","2,581,850",91.6
25/06/2013,"2,519,000","2,581,850",97.6
30/06/2013,"2,532,500","2,581,850",98.1
5/07/2013,"2,528,500","2,581,850",97.9
10/07/2013,"2,502,120","2,581,850",96.9
15/07/2013,"2,484,000","2,581,850",96.2
20/07/2013,"2,469,000","2,581,850",95.6
25/07/2013,"2,445,500","2,581,850",94.7
30/07/2013,"2,442,000","2,581,850",94.6
4/08/2013,"2,438,500","2,581,850",94.4
9/08/2013,"2,430,500","2,581,850",94.1
14/08/2013,"2,425,500","2,581,850",93.9
19/08/2013,"2,418,000","2,581,850",93.7
24/08/2013,"2,429,500","2,581,850",94.1
29/08/2013,"2,425,500","2,581,850",93.9
3/09/2013,"2,419,500","2,581,850",93.7
8/09/2013,"2,414,500","2,581,850",93.5
13/09/2013,"2,407,000","2,581,850",93.2
18/09/2013,"2,416,000","2,581,850",93.6
23/09/2013,"2,412,500","2,581,850",93.4
28/09/2013,"2,409,500","2,581,850",93.3
3/10/2013,"2,398,000","2,581,850",92.9
8/10/2013,"2,391,000","2,581,850",92.6
13/10/2013,"2,381,000","2,581,850",92.2
18/10/2013,"2,371,500","2,581,850",91.9
23/10/2013,"2,360,500","2,581,850",91.4
28/10/2013,"2,351,000","2,581,850",91.1
2/11/2013,"2,341,000","2,581,850",90.7
7/11/2013,"2,329,000","2,581,850",90.2
12/11/2013,"2,329,000","2,581,850",90.2
17/11/2013,"2,328,668","2,581,850",90.2
22/11/2013,"2,335,611","2,581,850",90.5
27/11/2013,"2,338,577","2,581,850",90.6
2/12/2013,"2,332,000","2,581,850",90.3
7/12/2013,"2,323,000","2,581,850",90
12/12/2013,"2,311,000","2,581,850",89.5
17/12/2013,"2,301,000","2,581,850",89.1
22/12/2013,"2,291,000","2,581,850",88.7
27/12/2013,"2,285,500","2,581,850",88.5
1/01/2014,"2,275,000","2,581,850",88.1
6/01/2014,"2,263,000","2,581,850",87.7
11/01/2014,"2,253,000","2,581,850",87.3
16/01/2014,"2,240,000","2,581,850",86.8
21/01/2014,"2,227,000","2,581,850",86.3
26/01/2014,"2,218,814","2,581,850",85.9
31/01/2014,"2,210,000","2,581,850",85.6
5/02/2014,"2,193,250","2,581,850",84.9
10/02/2014,"2,183,500","2,581,850",84.6
15/02/2014,"2,173,500","2,581,850",84.2
20/02/2014,"2,172,000","2,581,850",84.1
25/02/2014,"2,160,610","2,581,850",83.7
2/03/2014,"2,161,307","2,581,850",83.7
7/03/2014,"2,156,500","2,581,850",83.5
12/03/2014,"2,151,027","2,581,850",83.3
17/03/2014,"2,146,000","2,581,850",83.1
22/03/2014,"2,143,405","2,581,850",83
27/03/2014,"2,191,811","2,581,850",84.9
1/04/2014,"2,197,500","2,581,850",85.1
6/04/2014,"2,203,044","2,581,850",85.3
11/04/2014,"2,205,472","2,581,850",85.4
16/04/2014,"2,209,037","2,581,850",85.6
21/04/2014,"2,206,302","2,581,850",85.5
26/04/2014,"2,200,338","2,581,850",85.2
1/05/2014,"2,196,038","2,581,850",85.1
6/05/2014,"2,187,309","2,581,850",84.7
11/05/2014,"2,179,566","2,581,850",84.4
16/05/2014,"2,171,964","2,581,850",84.1
21/05/2014,"2,165,706","2,581,850",83.9
26/05/2014,"2,159,008","2,581,850",83.6
31/05/2014,"2,152,924","2,581,850",83.4
5/06/2014,"2,148,282","2,581,850",83.2
10/06/2014,"2,144,759","2,581,850",83.1
15/06/2014,"2,139,582","2,581,850",82.9
20/06/2014,"2,131,550","2,581,850",82.6
25/06/2014,"2,126,187","2,581,850",82.4
30/06/2014,"2,117,915","2,581,850",82
5/07/2014,"2,109,513","2,581,850",81.7
10/07/2014,"2,103,376","2,581,850",81.5
15/07/2014,"2,095,967","2,581,850",81.2
17/07/2014,"2,094,988","2,581,850",81.1
20/07/2014,"2,091,500","2,581,850",81
25/07/2014,"2,084,503","2,581,850",80.7
31/07/2014,"2,078,159","2,581,850",80.5
5/08/2014,"2,067,500","2,581,850",80.1
10/08/2014,"2,059,855","2,581,850",79.8
15/08/2014,"2,054,777","2,581,850",79.6
20/08/2014,"2,127,147","2,581,850",82.4
25/08/2014,"2,157,074","2,581,850",83.5
31/08/2014,"2,275,280","2,581,850",88.1
5/09/2014,"2,284,574","2,581,850",88.5
10/09/2014,"2,290,559","2,581,850",88.7
15/09/2014,"2,295,680","2,581,850",88.9
20/09/2014,"2,296,642","2,581,850",89
25/09/2014,"2,292,622","2,581,850",88.8
30/09/2014,"2,289,806","2,581,850",88.7
5/10/2014,"2,276,360","2,581,850",88.2
10/10/2014,"2,275,810","2,581,850",88.1
15/10/2014,"2,275,103","2,581,850",88.1
20/10/2014,"2,273,747","2,581,850",88.1
25/10/2014,"2,269,242","2,581,850",87.9
31/10/2014,"2,260,779","2,581,850",87.6
5/11/2014,"2,249,550","2,581,850",87.1
10/11/2014,"2,242,924","2,581,850",86.9
15/11/2014,"2,232,379","2,581,850",86.5
20/11/2014,"2,222,250","2,581,850",86.1
25/11/2014,"2,210,259","2,581,850",85.6
30/11/2014,"2,199,500","2,581,850",85.2
5/12/2014,"2,199,239","2,581,850",85.2
10/12/2014,"2,209,749","2,581,850",85.6
15/12/2014,"2,214,614","2,581,850",85.8
20/12/2014,"2,208,926","2,581,850",85.6
25/12/2014,"2,200,455","2,581,850",85.2
31/12/2014,"2,203,723","2,581,850",85.4
5/01/2015,"2,199,597","2,581,850",85.2
10/01/2015,"2,197,317","2,581,850",85.1
15/01/2015,"2,210,784","2,581,850",85.6
20/01/2015,"2,205,144","2,581,850",85.4
25/01/2015,"2,201,831","2,581,850",85.3
30/01/2015,"2,211,304","2,581,850",85.6
4/02/2015,"2,208,622","2,581,850",85.5
9/02/2015,"2,204,475","2,581,850",85.4
14/02/2015,"2,200,125","2,581,850",85.2
19/02/2015,"2,192,850","2,581,850",84.9
24/02/2015,"2,188,345","2,581,850",84.8
1/03/2015,"2,184,923","2,581,850",84.6
6/03/2015,"2,178,745","2,581,850",84.4
11/03/2015,"2,169,052","2,581,850",84
16/03/2015,"2,164,133","2,581,850",83.8
21/03/2015,"2,156,486","2,581,850",83.5
26/03/2015,"2,151,777","2,581,850",83.3
31/03/2015,"2,142,491","2,581,850",83
5/04/2015,"2,142,205","2,581,850",83
10/04/2015,"2,137,477","2,581,850",82.8
15/04/2015,"2,132,487","2,581,850",82.6
20/04/2015,"2,272,150","2,581,850",88
25/04/2015,"2,327,243","2,581,850",90.1
30/04/2015,"2,348,200","2,581,850",91
5/05/2015,"2,388,171","2,581,850",92.5
10/05/2015,"2,389,021","2,581,850",92.5
15/05/2015,"2,388,916","2,581,850",92.5
20/05/2015,"2,386,773","2,581,850",92.4
25/05/2015,"2,387,923","2,581,850",92.5
30/05/2015,"2,387,205","2,581,850",92.5
4/06/2015,"2,382,102","2,581,850",92.3
9/06/2015,"2,378,700","2,581,850",92.1
14/06/2015,"2,374,698","2,581,850",92
19/06/2015,"2,379,204","2,581,850",92.2
24/06/2015,"2,388,016","2,581,850",92.5
29/06/2015,"2,388,227","2,581,850",92.5
4/07/2015,"2,383,336","2,581,850",92.3
9/07/2015,"2,379,084","2,581,850",92.1
14/07/2015,"2,376,072","2,581,850",92
19/07/2015,"2,386,463","2,581,850",92.4
24/07/2015,"2,397,894","2,581,850",92.9
29/07/2015,"2,402,472","2,581,850",93.1
3/08/2015,"2,400,857","2,581,850",93
8/08/2015,"2,395,770","2,581,850",92.8
13/08/2015,"2,392,496","2,581,850",92.7
18/08/2015,"2,387,925","2,581,850",92.5
23/08/2015,"2,382,062","2,581,850",92.3
29/08/2015,"2,558,139","2,581,850",99.1
2/09/2015,"2,546,789","2,581,850",98.6
7/09/2015,"2,531,873","2,581,850",98.1
12/09/2015,"2,527,846","2,581,850",97.9
17/09/2015,"2,527,035","2,581,850",97.9
22/09/2015,"2,525,181","2,581,850",97.8
27/09/2015,"2,521,230","2,581,850",97.7
2/10/2015,"2,518,914","2,581,850",97.6
7/10/2015,"2,513,852","2,581,850",97.4
12/10/2015,"2,508,265","2,581,850",97.1
17/10/2015,"2,503,103","2,581,850",96.9
22/10/2015,"2,496,029","2,581,850",96.7
27/10/2015,"2,490,076","2,581,850",96.4
1/11/2015,"2,483,321","2,581,850",96.2
6/11/2015,"2,483,606","2,581,850",96.2
11/11/2015,"2,480,492","2,581,850",96.1
16/11/2015,"2,481,381","2,581,850",96.1
21/11/2015,"2,473,591","2,581,850",95.8
26/11/2015,"2,465,239","2,581,850",95.5
1/12/2015,"2,455,727","2,581,850",95.1
6/12/2015,"2,442,758","2,581,850",94.6
11/12/2015,"2,433,013","2,581,850",94.2
16/12/2015,"2,423,308","2,581,850",93.9
21/12/2015,"2,409,934","2,581,850",93.3
26/12/2015,"2,420,628","2,581,850",93.8
31/12/2015,"2,398,887","2,581,850",92.9
5/01/2016,"2,396,977","2,581,850",92.8
10/01/2016,"2,410,378","2,581,850",93.4
15/01/2016,"2,403,787","2,581,850",93.1
20/01/2016,"2,400,795","2,581,850",93
25/01/2016,"2,399,952","2,581,850",93
30/01/2016,"2,402,767","2,581,850",93.1
4/02/2016,"2,402,898","2,581,850",93.1
9/02/2016,"2,396,983","2,581,850",92.8
14/02/2016,"2,388,128","2,581,850",92.5
19/02/2016,"2,376,705","2,581,850",92.1
24/02/2016,"2,368,535","2,581,850",91.7
29/02/2016,"2,359,020","2,581,850",91.4
5/03/2016,"2,347,927","2,581,850",90.9
10/03/2016,"2,336,708","2,581,850",90.5
15/03/2016,"2,328,430","2,581,850",90.2
20/03/2016,"2,319,698","2,581,850",89.8
25/03/2016,"2,309,894","2,581,850",89.5
30/03/2016,"2,304,263","2,581,850",89.2
4/04/2016,"2,294,942","2,581,850",88.9
9/04/2016,"2,286,123","2,581,850",88.5
14/04/2016,"2,275,546","2,581,850",88.1
19/04/2016,"2,268,343","2,581,850",87.9
24/04/2016,"2,260,557","2,581,850",87.6
29/04/2016,"2,252,318","2,581,850",87.2
4/05/2016,"2,243,011","2,581,850",86.9
9/05/2016,"2,235,070","2,581,850",86.6
14/05/2016,"2,225,804","2,581,850",86.2
19/05/2016,"2,216,932","2,581,850",85.9
24/05/2016,"2,207,970","2,581,850",85.5
29/05/2016,"2,198,650","2,581,850",85.2
3/06/2016,"2,192,328","2,581,850",84.9
8/06/2016,"2,496,082","2,581,850",96.7
13/06/2016,"2,513,977","2,581,850",97.4
18/06/2016,"2,510,933","2,581,850",97.3
23/06/2016,"2,533,488","2,581,850",98.1
28/06/2016,"2,542,617","2,581,850",98.5
3/07/2016,"2,528,188","2,581,850",97.9
8/07/2016,"2,529,017","2,581,850",98
13/07/2016,"2,538,358","2,581,850",98.3
18/07/2016,"2,526,023","2,581,850",97.8
23/07/2016,"2,546,312","2,581,850",98.6
28/07/2016,"2,551,314","2,581,850",98.8
2/08/2016,"2,526,338","2,581,850",97.8
7/08/2016,"2,525,785","2,581,850",97.8
12/08/2016,"2,516,766","2,581,850",97.5
17/08/2016,"2,500,215","2,581,850",96.8
22/08/2016,"2,480,074","2,581,850",96.1
27/08/2016,"2,475,574","2,581,850",95.9
1/09/2016,"2,469,574","2,581,850",95.7
6/09/2016,"2,504,301","2,581,850",97
11/09/2016,"2,500,468","2,581,850",96.8
16/09/2016,"2,487,323","2,581,850",96.3
21/09/2016,"2,475,366","2,581,850",95.9
26/09/2016,"2,483,872","2,581,850",96.2
1/10/2016,"2,469,995","2,581,850",95.7
6/10/2016,"2,463,632","2,581,850",95.4
11/10/2016,"2,451,797","2,581,850",95
16/10/2016,"2,442,851","2,581,850",94.6
21/10/2016,"2,437,050","2,581,850",94.4
26/10/2016,"2,434,457","2,581,850",94.3
31/10/2016,"2,433,348","2,581,850",94.2
5/11/2016,"2,425,556","2,581,850",93.9
10/11/2016,"2,417,353","2,581,850",93.6
15/11/2016,"2,411,114","2,581,850",93.4
20/11/2016,"2,401,909","2,581,850",93
25/11/2016,"2,394,121","2,581,850",92.7
30/11/2016,"2,382,298","2,581,850",92.3
5/12/2016,"2,370,983","2,581,850",91.8
10/12/2016,"2,361,653","2,581,850",91.5
15/12/2016,"2,349,815","2,581,850",91
20/12/2016,"2,345,615","2,581,850",90.9
25/12/2016,"2,336,219","2,581,850",90.5
31/12/2016,"2,326,581","2,581,850",90.1
5/01/2017,"2,315,972","2,581,850",89.7
10/01/2017,"2,306,729","2,581,850",89.3
15/01/2017,"2,294,913","2,581,850",88.9
20/01/2017,"2,280,356","2,581,850",88.3
26/01/2017,"2,266,887","2,581,850",87.8
31/01/2017,"2,254,948","2,581,850",87.3
5/02/2017,"2,242,780","2,581,850",86.9
10/02/2017,"2,233,598","2,581,850",86.5
15/02/2017,"2,233,598","2,581,850",86.5
21/02/2017,"2,217,442","2,581,850",85.9
26/02/2017,"2,212,485","2,581,850",85.7
3/03/2017,"2,215,487","2,581,850",85.8
8/03/2017,"2,231,205","2,581,850",86.4
13/03/2017,"2,251,589","2,581,850",87.2
19/03/2017,"2,370,886","2,581,850",91.8
24/03/2017,"2,451,446","2,581,850",94.9
29/03/2017,"2,467,063","2,581,850",95.6
3/04/2017,"2,482,805","2,581,850",96.2
8/04/2017,"2,489,120","2,581,850",96.4
14/04/2017,"2,488,874","2,581,850",96.4
19/04/2017,"2,483,144","2,581,850",96.2
24/04/2017,"2,478,505","2,581,850",96
29/04/2017,"2,472,107","2,581,850",95.7
4/05/2017,"2,463,506","2,581,850",95.4
10/05/2017,"2,455,381","2,581,850",95.1
15/05/2017,"2,445,238","2,581,850",94.7
20/05/2017,"2,440,335","2,581,850",94.5
25/05/2017,"2,437,481","2,581,850",94.4
30/05/2017,"2,431,164","2,581,850",94.2
5/06/2017,"2,421,536","2,581,850",93.8
10/06/2017,"2,427,685","2,581,850",94
15/06/2017,"2,435,444","2,581,850",94.3
20/06/2017,"2,431,966","2,581,850",94.2
25/06/2017,"2,425,717","2,581,850",94
1/07/2017,"2,416,671","2,581,850",93.6
7/07/2017,"2,407,693","2,581,850",93.3
13/07/2017,"2,399,018","2,581,850",92.9
19/07/2017,"2,389,584","2,581,850",92.6
25/07/2017,"2,377,897","2,581,850",92.1
31/07/2017,"2,369,475","2,581,850",91.8
6/08/2017,"2,364,679","2,581,850",91.6
12/08/2017,"2,356,661","2,581,850",91.3
18/08/2017,"2,349,763","2,581,850",91
24/08/2017,"2,339,533","2,581,850",90.6
30/08/2017,"2,330,121","2,581,850",90.3
5/09/2017,"2,319,372","2,581,850",89.8
11/09/2017,"2,305,201","2,581,850",89.3
17/09/2017,"2,293,657","2,581,850",88.8
23/09/2017,"2,281,529","2,581,850",88.4
29/09/2017,"2,268,752","2,581,850",87.9
5/10/2017,"2,256,931","2,581,850",87.4
11/10/2017,"2,245,271","2,581,850",87
17/10/2017,"2,232,307","2,581,850",86.5
23/10/2017,"2,225,028","2,581,850",86.2
29/10/2017,"2,217,172","2,581,850",85.9
4/11/2017,"2,204,256","2,581,850",85.4
10/11/2017,"2,196,728","2,581,850",85.1
16/11/2017,"2,185,301","2,581,850",84.6
22/11/2017,"2,178,443","2,581,850",84.4
28/11/2017,"2,171,585","2,581,850",84.1
4/12/2017,"2,162,530","2,581,850",83.8
10/12/2017,"2,154,753","2,581,850",83.5
16/12/2017,"2,144,388","2,581,850",83.1
22/12/2017,"2,130,820","2,581,850",82.5
28/12/2017,"2,118,647","2,581,850",82.1
3/01/2018,"2,105,036","2,581,850",81.5
9/01/2018,"2,092,088","2,581,850",81
15/01/2018,"2,079,289","2,581,850",80.5
21/01/2018,"2,062,075","2,581,850",79.9
27/01/2018,"2,047,288","2,581,850",79.3
2/02/2018,"2,033,708","2,581,850",78.8
8/02/2018,"2,018,452","2,581,850",78.2
14/02/2018,"2,004,922","2,581,850",77.7
20/02/2018,"1,989,944","2,581,850",77.1
26/02/2018,"1,986,700","2,581,850",76.9
4/03/2018,"1,986,238","2,581,850",76.9
10/03/2018,"1,976,821","2,581,850",76.6
16/03/2018,"1,967,403","2,581,850",76.2
22/03/2018,"1,958,184","2,581,850",75.8
28/03/2018,"1,951,148","2,581,850",75.6
3/04/2018,"1,941,247","2,581,850",75.2
9/04/2018,"1,934,813","2,581,850",74.9
15/04/2018,"1,914,262","2,581,850",74.1
21/04/2018,"1,901,635","2,581,850",73.7
27/04/2018,"1,890,113","2,581,850",73.2
3/05/2018,"1,881,499","2,581,850",72.9
9/05/2018,"1,868,428","2,581,850",72.4
15/05/2018,"1,856,807","2,581,850",71.9
21/05/2018,"1,843,273","2,581,850",71.4
27/05/2018,"1,832,111","2,581,850",71
2/06/2018,"1,821,605","2,581,850",70.6
8/06/2018,"1,813,390","2,581,850",70.2
14/06/2018,"1,804,075","2,581,850",69.9
20/06/2018,"1,794,855","2,581,850",69.5
26/06/2018,"1,785,482","2,581,850",69.2
2/07/2018,"1,777,398","2,581,850",68.8
8/07/2018,"1,768,187","2,581,850",68.5
14/07/2018,"1,758,516","2,581,850",68.1
20/07/2018,"1,746,766","2,581,850",67.7
26/07/2018,"1,735,645","2,581,850",67.2
1/08/2018,"1,725,152","2,581,850",66.8
7/08/2018,"1,715,167","2,581,850",66.4
13/08/2018,"1,704,623","2,581,850",66
19/08/2018,"1,694,066","2,581,850",65.6
25/08/2018,"1,682,026","2,581,850",65.1
31/08/2018,"1,672,586","2,581,850",64.8
6/09/2018,"1,666,021","2,581,850",64.5
12/09/2018,"1,661,243","2,581,850",64.3
18/09/2018,"1,648,031","2,581,850",63.8
24/09/2018,"1,637,172","2,581,850",63.4
30/09/2018,"1,629,074","2,581,850",63.1
6/10/2018,"1,624,791","2,581,850",62.9
12/10/2018,"1,620,738","2,581,850",62.8
18/10/2018,"1,625,035","2,581,850",62.9
24/10/2018,"1,619,801","2,581,850",62.7
30/10/2018,"1,610,275","2,581,850",62.4
5/11/2018,"1,598,866","2,581,850",61.9
11/11/2018,"1,588,399","2,581,850",61.5
17/11/2018,"1,578,061","2,581,850",61.1
23/11/2018,"1,569,224","2,581,850",60.8
29/11/2018,"1,582,080","2,581,850",61.3
5/12/2018,"1,585,053","2,581,850",61.4
11/12/2018,"1,577,267","2,581,850",61.1
17/12/2018,"1,592,757","2,581,850",61.7
23/12/2018,"1,592,312","2,581,850",61.7
29/12/2018,"1,586,131","2,581,850",61.4
4/01/2019,"1,588,048","2,581,850",61.5
10/01/2019,"1,579,110","2,581,850",61.2
16/01/2019,"1,568,097","2,581,850",60.7
22/01/2019,"1,556,089","2,581,850",60.3
28/01/2019,"1,549,464","2,581,850",60
3/02/2019,"1,539,038","2,581,850",59.6
9/02/2019,"1,530,962","2,581,850",59.3
15/02/2019,"1,519,363","2,581,850",58.8
21/02/2019,"1,507,038","2,581,850",58.4
27/02/2019,"1,494,811","2,581,850",57.9
5/03/2019,"1,482,078","2,581,850",57.4
11/03/2019,"1,469,952","2,581,850",56.9
17/03/2019,"1,466,773","2,581,850",56.8
23/03/2019,"1,482,872","2,581,850",57.4
29/03/2019,"1,474,159","2,581,850",57.1
4/04/2019,"1,467,743","2,581,850",56.8
10/04/2019,"1,460,746","2,581,850",56.6
16/04/2019,"1,450,935","2,581,850",56.2
22/04/2019,"1,441,508","2,581,850",55.8
28/04/2019,"1,431,429","2,581,850",55.4
4/05/2019,"1,420,292","2,581,850",55
10/05/2019,"1,409,957","2,581,850",54.6
16/05/2019,"1,400,714","2,581,850",54.3
22/05/2019,"1,391,163","2,581,850",53.9
28/05/2019,"1,381,363","2,581,850",53.5
3/06/2019,"1,370,123","2,581,850",53.1
9/06/2019,"1,367,042","2,581,850",52.9
15/06/2019,"1,359,510","2,581,850",52.7
21/06/2019,"1,353,138","2,581,850",52.4
27/06/2019,"1,347,476","2,581,850",52.2
3/07/2019,"1,341,714","2,581,850",52
9/07/2019,"1,340,504","2,581,850",51.9
15/07/2019,"1,333,686","2,581,850",51.7
21/07/2019,"1,326,129","2,581,850",51.4
27/07/2019,"1,318,648","2,581,850",51.1
2/08/2019,"1,312,080","2,581,850",50.8
8/08/2019,"1,304,788","2,581,850",50.5
14/08/2019,"1,296,737","2,581,850",50.2
20/08/2019,"1,287,704","2,581,850",49.9
26/08/2019,"1,278,920","2,581,850",49.5
1/09/2019,"1,291,128","2,596,150",49.7
7/09/2019,"1,283,593","2,596,150",49.4
13/09/2019,"1,274,462","2,596,150",49.1
19/09/2019,"1,281,079","2,596,150",49.3
25/09/2019,"1,279,749","2,596,150",49.3
1/10/2019,"1,274,040","2,596,150",49.1
7/10/2019,"1,268,143","2,596,150",48.8
13/10/2019,"1,261,674","2,596,150",48.6
19/10/2019,"1,253,421","2,596,150",48.3
25/10/2019,"1,244,384","2,596,150",47.9
31/10/2019,"1,234,453","2,596,150",47.5
6/11/2019,"1,226,643","2,596,150",47.2
12/11/2019,"1,214,721","2,596,150",46.8
18/11/2019,"1,203,282","2,596,150",46.3
24/11/2019,"1,192,995","2,596,150",46
30/11/2019,"1,183,582","2,596,150",45.6
6/12/2019,"1,171,859","2,596,150",45.1
12/12/2019,"1,161,708","2,596,150",44.7
18/12/2019,"1,152,379","2,596,150",44.4
24/12/2019,"1,146,620","2,596,150",44.2
30/12/2019,"1,134,592","2,596,150",43.7
5/01/2020,"1,124,131","2,596,150",43.3
11/01/2020,"1,113,085","2,596,150",42.9
17/01/2020,"1,107,737","2,596,150",42.7
23/01/2020,"1,103,545","2,596,150",42.5
29/01/2020,"1,095,453","2,596,150",42.2
4/02/2020,"1,086,680","2,596,150",41.9
10/02/2020,"1,661,914","2,596,150",64
16/02/2020,"2,066,688","2,596,150",79.6
22/02/2020,"2,123,211","2,596,150",81.5
28/02/2020,"2,129,052","2,596,150",82
5/03/2020,"2,129,008","2,596,150",82
11/03/2020,"2,142,274","2,596,150",82.5
17/03/2020,"2,145,340","2,596,150",82.6
23/03/2020,"2,142,933","2,596,150",82.5
29/03/2020,"2,150,936","2,596,150",82.9
4/04/2020,"2,155,453","2,596,150",83
10/04/2020,"2,157,285","2,596,150",83.1
16/04/2020,"2,157,209","2,596,150",83.1
22/04/2020,"2,150,101","2,596,150",82.8
28/04/2020,"2,141,913","2,596,150",82.5
4/05/2020,"2,137,465","2,596,150",82.3
10/05/2020,"2,130,891","2,596,150",82.1
16/05/2020,"2,123,978","2,596,150",81.8
22/05/2020,"2,123,502","2,596,150",81.8
28/05/2020,"2,125,031","2,596,150",81.9
3/06/2020,"2,121,973","2,596,150",81.7
9/06/2020,"2,115,488","2,596,150",81.5
15/06/2020,"2,111,704","2,596,150",81.3
21/06/2020,"2,109,549","2,596,150",81.3
23/06/2020,"2,108,469","2,596,150",81.2
24/06/2020,"2,108,133","2,596,150",81.2
25/06/2020,"2,107,517","2,596,150",81.2
26/06/2020,"2,107,099","2,596,150",81.2
27/06/2020,"2,106,108","2,596,150",81.1
28/06/2020,"2,105,551","2,596,150",81.1
29/06/2020,"2,103,788","2,596,150",81
30/06/2020,"2,103,122","2,596,150",81
1/07/2020,"2,102,842","2,596,150",81
2/07/2020,"2,088,573","2,581,850",80.9
3/07/2020,"2,085,176","2,581,850",80.8
4/07/2020,"2,084,423","2,581,850",80.7
5/07/2020,"2,083,566","2,581,850",80.7
6/07/2020,"2,082,435","2,581,850",80.7
7/07/2020,"2,081,428","2,581,850",80.6
8/07/2020,"2,080,018","2,581,850",80.6
9/07/2020,"2,078,978","2,581,850",80.5
10/07/2020,"2,077,049","2,581,850",80.4
11/07/2020,"2,076,396","2,581,850",80.4
12/07/2020,"2,075,730","2,581,850",80.4
13/07/2020,"2,074,977","2,581,850",80.4
14/07/2020,"2,074,719","2,581,850",80.4
15/07/2020,"2,075,111","2,581,850",80.4
16/07/2020,"2,075,041","2,581,850",80.4
17/07/2020,"2,073,762","2,581,850",80.3
18/07/2020,"2,072,116","2,581,850",80.3
19/07/2020,"2,071,534","2,581,850",80.2
20/07/2020,"2,070,831","2,581,850",80.2
21/07/2020,"2,069,826","2,581,850",80.2
22/07/2020,"2,069,873","2,581,850",80.2
23/07/2020,"2,067,471","2,581,850",80.1
24/07/2020,"2,065,743","2,581,850",80
25/07/2020,"2,063,922","2,581,850",79.9
26/07/2020,"2,062,959","2,581,850",79.9
27/07/2020,"2,062,605","2,581,850",79.9
28/07/2020,"2,081,525","2,581,850",80.6
29/07/2020,"2,110,368","2,581,850",81.7
30/07/2020,"2,157,317","2,581,850",83.6
31/07/2020,"2,176,701","2,581,850",84.3
1/08/2020,"2,185,176","2,581,850",84.6
2/08/2020,"2,190,243","2,581,850",84.8
3/08/2020,"2,193,825","2,581,850",85
4/08/2020,"2,196,916","2,581,850",85.1
5/08/2020,"2,197,432","2,581,850",85.1
6/08/2020,"2,198,120","2,581,850",85.1
7/08/2020,"2,198,561","2,581,850",85.2
8/08/2020,"2,199,827","2,581,850",85.2
9/08/2020,"2,206,961","2,581,850",85.5
10/08/2020,"2,224,908","2,581,850",86.2
11/08/2020,"2,320,840","2,581,850",89.9
12/08/2020,"2,450,585","2,581,850",94.9
13/08/2020,"2,490,503","2,581,850",96.5
14/08/2020,"2,507,139","2,581,850",97.1
15/08/2020,"2,517,425","2,581,850",97.5
16/08/2020,"2,522,263","2,581,850",97.7
17/08/2020,"2,531,826","2,581,850",98.1
18/08/2020,"2,535,689","2,581,850",98.2
19/08/2020,"2,535,131","2,581,850",98.2
20/08/2020,"2,535,141","2,581,850",98.2
21/08/2020,"2,534,664","2,581,850",98.2
22/08/2020,"2,534,410","2,581,850",98.2
23/08/2020,"2,532,861","2,581,850",98.1
24/08/2020,"2,532,483","2,581,850",98.1
25/08/2020,"2,531,291","2,581,850",98
26/08/2020,"2,530,705","2,581,850",98
27/08/2020,"2,529,098","2,581,850",98
28/08/2020,"2,528,995","2,581,850",98
29/08/2020,"2,521,013","2,581,850",97.6
30/08/2020,"2,515,865","2,581,850",97.4
31/08/2020,"2,511,518","2,581,850",97.3
1/09/2020,"2,506,899","2,581,850",97.1
2/09/2020,"2,501,713","2,581,850",96.9
3/09/2020,"2,492,969","2,581,850",96.6
4/09/2020,"2,490,435","2,581,850",96.5
5/09/2020,"2,487,394","2,581,850",96.3
6/09/2020,"2,483,831","2,581,850",96.2
7/09/2020,"2,482,259","2,581,850",96.1
8/09/2020,"2,478,497","2,581,850",96
9/09/2020,"2,473,747","2,581,850",95.8
10/09/2020,"2,472,249","2,581,850",95.8
11/09/2020,"2,468,502","2,581,850",95.6
12/09/2020,"2,465,015","2,581,850",95.5
13/09/2020,"2,461,881","2,581,850",95.4
14/09/2020,"2,459,405","2,581,850",95.3
15/09/2020,"2,454,544","2,581,850",95.1
16/09/2020,"2,451,369","2,581,850",94.9
17/09/2020,"2,451,369","2,581,850",94.9
18/09/2020,"2,442,997","2,581,850",94.6
19/09/2020,"2,441,163","2,581,850",94.6
20/09/2020,"2,442,065","2,581,850",94.6
21/09/2020,"2,443,212","2,581,850",94.6
22/09/2020,"2,442,943","2,581,850",94.6
23/09/2020,"2,442,007","2,581,850",94.6
24/09/2020,"2,441,102","2,581,850",94.5
25/09/2020,"2,439,746","2,581,850",94.5
26/09/2020,"2,439,891","2,581,850",94.5
27/09/2020,"2,440,151","2,581,850",94.5
28/09/2020,"2,439,381","2,581,850",94.5
29/09/2020,"2,438,082","2,581,850",94.4
30/09/2020,"2,437,637","2,581,850",94.4
1/10/2020,"2,437,430","2,581,850",94.4
2/10/2020,"2,437,026","2,581,850",94.4
3/10/2020,"2,437,276","2,581,850",94.4
4/10/2020,"2,436,432","2,581,850",94.4
5/10/2020,"2,435,227","2,581,850",94.3
6/10/2020,"2,433,648","2,581,850",94.3
7/10/2020,"2,432,416","2,581,850",94.2
8/10/2020,"2,431,570","2,581,850",94.2
9/10/2020,"2,431,958","2,581,850",94.2
10/10/2020,"2,430,397","2,581,850",94.1
11/10/2020,"2,429,666","2,581,850",94.1
12/10/2020,"2,427,327","2,581,850",94
13/10/2020,"2,427,301","2,581,850",94
14/10/2020,"2,425,873","2,581,850",94
15/10/2020,"2,424,623","2,581,850",93.9
16/10/2020,"2,424,083","2,581,850",93.9
17/10/2020,"2,422,723","2,581,850",93.8
18/10/2020,"2,421,934","2,581,850",93.8
19/10/2020,"2,421,429","2,581,850",93.8
20/10/2020,"2,420,455","2,581,850",93.7
21/10/2020,"2,418,763","2,581,850",93.7
22/10/2020,"2,418,250","2,581,850",93.7
23/10/2020,"2,416,759","2,581,850",93.6
24/10/2020,"2,415,570","2,581,850",93.6
25/10/2020,"2,416,877","2,581,850",93.6
26/10/2020,"2,421,094","2,581,850",93.8
27/10/2020,"2,422,669","2,581,850",93.8
28/10/2020,"2,423,783","2,581,850",93.9
29/10/2020,"2,425,782","2,581,850",94
30/10/2020,"2,428,128","2,581,850",94
31/10/2020,"2,430,355","2,581,850",94.1
1/11/2020,"2,439,926","2,581,850",94.5
2/11/2020,"2,444,542","2,581,850",94.7
3/11/2020,"2,448,706","2,581,850",94.8
4/11/2020,"2,450,758","2,581,850",94.9
5/11/2020,"2,453,973","2,581,850",95
6/11/2020,"2,459,519","2,581,850",95.3
7/11/2020,"2,463,115","2,581,850",95.4
8/11/2020,"2,465,810","2,581,850",95.5
9/11/2020,"2,466,481","2,581,850",95.5
10/11/2020,"2,467,150","2,581,850",95.6
11/11/2020,"2,465,143","2,581,850",95.5
12/11/2020,"2,460,902","2,581,850",95.3
13/11/2020,"2,460,608","2,581,850",95.3
14/11/2020,"2,457,351","2,581,850",95.2
15/11/2020,"2,454,691","2,581,850",95.1
16/11/2020,"2,450,949","2,581,850",94.9
17/11/2020,"2,444,059","2,581,850",94.7
18/11/2020,"2,440,690","2,581,850",94.5
19/11/2020,"2,430,036","2,581,850",94.1
20/11/2020,"2,433,246","2,581,850",94.2
21/11/2020,"2,428,169","2,581,850",94
22/11/2020,"2,422,074","2,581,850",93.8
23/11/2020,"2,422,872","2,581,850",93.8
24/11/2020,"2,423,268","2,581,850",93.9
25/11/2020,"2,422,479","2,581,850",93.8
26/11/2020,"2,422,285","2,581,850",93.8
27/11/2020,"2,419,460","2,581,850",93.7
28/11/2020,"2,418,021","2,581,850",93.7
29/11/2020,"2,416,129","2,581,850",93.6
30/11/2020,"2,413,967","2,581,850",93.5
1/12/2020,"2,412,543","2,581,850",93.4
2/12/2020,"2,412,172","2,581,850",93.4
3/12/2020,"2,410,916","2,581,850",93.4
4/12/2020,"2,410,933","2,581,850",93.4
5/12/2020,"2,408,051","2,581,850",93.3
6/12/2020,"2,407,124","2,581,850",93.2
7/12/2020,"2,405,099","2,581,850",93.2
8/12/2020,"2,403,833","2,581,850",93.1
9/12/2020,"2,400,286","2,581,850",93
10/12/2020,"2,399,360","2,581,850",92.9
11/12/2020,"2,396,494","2,581,850",92.8
12/12/2020,"2,394,541","2,581,850",92.7
13/12/2020,"2,393,448","2,581,850",92.7
14/12/2020,"2,391,987","2,581,850",92.6
15/12/2020,"2,392,047","2,581,850",92.6
16/12/2020,"2,393,424","2,581,850",92.7
17/12/2020,"2,402,099","2,581,850",93
18/12/2020,"2,407,171","2,581,850",93.2
19/12/2020,"2,407,980","2,581,850",93.3
20/12/2020,"2,410,382","2,581,850",93.4
21/12/2020,"2,411,565","2,581,850",93.4
22/12/2020,"2,414,043","2,581,850",93.5
23/12/2020,"2,413,944","2,581,850",93.5
24/12/2020,"2,413,366","2,581,850",93.5
25/12/2020,"2,412,942","2,581,850",93.5
26/12/2020,"2,413,211","2,581,850",93.5
27/12/2020,"2,414,035","2,581,850",93.5
28/12/2020,"2,415,610","2,581,850",93.6
29/12/2020,"2,418,370","2,581,850",93.7
30/12/2020,"2,424,440","2,581,850",93.9
31/12/2020,"2,427,603","2,581,850",94
1/01/2021,"2,428,827","2,581,850",94.1
2/01/2021,"2,430,978","2,581,850",94.2
3/01/2021,"2,433,776","2,581,850",94.3
4/01/2021,"2,437,373","2,581,850",94.4
5/01/2021,"2,442,049","2,581,850",94.6
6/01/2021,"2,442,986","2,581,850",94.6
7/01/2021,"2,442,593","2,581,850",94.6
8/01/2021,"2,442,468","2,581,850",94.6
9/01/2021,"2,440,568","2,581,850",94.5
10/01/2021,"2,439,446","2,581,850",94.5
11/01/2021,"2,434,946","2,581,850",94.3
12/01/2021,"2,432,334","2,581,850",94.2
13/01/2021,"2,428,259","2,581,850",94.1
14/01/2021,"2,423,976","2,581,850",93.9
15/01/2021,"2,420,510","2,581,850",93.8
16/01/2021,"2,415,520","2,581,850",93.6
17/01/2021,"2,410,467","2,581,850",93.4
18/01/2021,"2,406,333","2,581,850",93.2
19/01/2021,"2,404,442","2,581,850",93.1
20/01/2021,"2,404,543","2,581,850",93.1
21/01/2021,"2,402,196","2,581,850",93
22/01/2021,"2,400,714","2,581,850",93
23/01/2021,"2,398,386","2,581,850",92.9
24/01/2021,"2,397,336","2,581,850",92.9
25/01/2021,"2,396,300","2,581,850",92.8
26/01/2021,"2,395,054","2,581,850",92.8
27/01/2021,"2,392,415","2,581,850",92.7
28/01/2021,"2,393,460","2,581,850",92.7
29/01/2021,"2,393,920","2,581,850",92.7
30/01/2021,"2,395,603","2,581,850",92.8
31/01/2021,"2,396,883","2,581,850",92.8
1/02/2021,"2,398,715","2,581,850",92.9
2/02/2021,"2,404,061","2,581,850",93.1
3/02/2021,"2,409,503","2,581,850",93.3
4/02/2021,"2,411,243","2,581,850",93.4
5/02/2021,"2,411,974","2,581,850",93.4
6/02/2021,"2,412,577","2,581,850",93.4
7/02/2021,"2,413,948","2,581,850",93.5
8/02/2021,"2,414,321","2,581,850",93.5
9/02/2021,"2,414,570","2,581,850",93.5
10/02/2021,"2,414,209","2,581,850",93.5
11/02/2021,"2,414,007","2,581,850",93.5
12/02/2021,"2,413,315","2,581,850",93.5
13/02/2021,"2,415,038","2,581,850",93.5
14/02/2021,"2,417,736","2,581,850",93.6
15/02/2021,"2,419,212","2,581,850",93.7
16/02/2021,"2,420,041","2,581,850",93.7
17/02/2021,"2,422,359","2,581,850",93.8
18/02/2021,"2,422,562","2,581,850",93.8
19/02/2021,"2,425,700","2,581,850",94
20/02/2021,"2,429,388","2,581,850",94.1
21/02/2021,"2,430,821","2,581,850",94.2
22/02/2021,"2,432,577","2,581,850",94.2
23/02/2021,"2,432,478","2,581,850",94.2
24/02/2021,"2,433,451","2,581,850",94.3
25/02/2021,"2,434,720","2,581,850",94.3
26/02/2021,"2,438,982","2,581,850",94.5
27/02/2021,"2,439,549","2,581,850",94.5
28/02/2021,"2,440,694","2,581,850",94.5
1/03/2021,"2,441,133","2,581,850",94.5
2/03/2021,"2,437,745","2,581,850",94.4
3/03/2021,"2,432,472","2,581,850",94.2
4/03/2021,"2,428,005","2,581,850",94
5/03/2021,"2,424,672","2,581,850",93.9
6/03/2021,"2,418,593","2,581,850",93.7
7/03/2021,"2,414,708","2,581,850",93.5
8/03/2021,"2,409,568","2,581,850",93.3
9/03/2021,"2,406,392","2,581,850",93.2
10/03/2021,"2,401,240","2,581,850",93
11/03/2021,"2,399,928","2,581,850",93
12/03/2021,"2,398,451","2,581,850",92.9
13/03/2021,"2,399,698","2,581,850",92.9
14/03/2021,"2,400,627","2,581,850",93
15/03/2021,"2,403,426","2,581,850",93.1
16/03/2021,"2,404,269","2,581,850",93.1
17/03/2021,"2,405,525","2,581,850",93.2
18/03/2021,"2,408,904","2,581,850",93.3
19/03/2021,"2,442,784","2,581,850",94.6
20/03/2021,"2,489,425","2,581,850",96.4
21/03/2021,"2,547,620","2,581,850",98.7
22/03/2021,"2,559,929","2,581,850",99.2
23/03/2021,"2,563,217","2,581,850",99.3
24/03/2021,"2,568,821","2,581,850",99.5
25/03/2021,"2,566,131","2,581,850",99.4
26/03/2021,"2,565,176","2,581,850",99.4
27/03/2021,"2,564,076","2,581,850",99.3
28/03/2021,"2,563,422","2,581,850",99.3
29/03/2021,"2,563,100","2,581,850",99.3
30/03/2021,"2,561,925","2,581,850",99.2
31/03/2021,"2,560,555","2,581,850",99.2
1/04/2021,"2,559,166","2,581,850",99.1
2/04/2021,"2,555,459","2,581,850",99
3/04/2021,"2,545,117","2,581,850",98.6
4/04/2021,"2,538,673","2,581,850",98.3
5/04/2021,"2,532,787","2,581,850",98.1
6/04/2021,"2,525,245","2,581,850",97.8
7/04/2021,"2,517,859","2,581,850",97.5
8/04/2021,"2,510,707","2,581,850",97.2
9/04/2021,"2,548,255","2,581,850",98.7
10/04/2021,"2,496,369","2,581,850",96.7
11/04/2021,"2,487,982","2,581,850",96.4
12/04/2021,"2,479,857","2,581,850",96
13/04/2021,"2,472,714","2,581,850",95.8
14/04/2021,"2,471,263","2,581,850",95.7
15/04/2021,"2,471,954","2,581,850",95.7
16/04/2021,"2,470,907","2,581,850",95.7
17/04/2021,"2,471,116","2,581,850",95.7
18/04/2021,"2,471,574","2,581,850",95.7
19/04/2021,"2,472,636","2,581,850",95.8
20/04/2021,"2,471,556","2,581,850",95.7
21/04/2021,"2,471,896","2,581,850",95.7
22/04/2021,"2,471,351","2,581,850",95.7
23/04/2021,"2,470,309","2,581,850",95.7
24/04/2021,"2,470,558","2,581,850",95.7
25/04/2021,"2,470,053","2,581,850",95.7
26/04/2021,"2,469,527","2,581,850",95.6
27/04/2021,"2,469,060","2,581,850",95.6
28/04/2021,"2,467,796","2,581,850",95.6
29/04/2021,"2,467,159","2,581,850",95.6
30/04/2021,"2,466,513","2,581,850",95.5
1/05/2021,"2,466,211","2,581,850",95.5
2/05/2021,"2,464,603","2,581,850",95.5
3/05/2021,"2,464,743","2,581,850",95.5
4/05/2021,"2,463,643","2,581,850",95.4
5/05/2021,"2,465,896","2,581,850",95.5
6/05/2021,"2,473,184","2,581,850",95.8
7/05/2021,"2,502,289","2,581,850",96.9
8/05/2021,"2,543,509","2,581,850",98.5
9/05/2021,"2,559,009","2,581,850",99.1
10/05/2021,"2,559,226","2,581,850",99.1
